V1,V2,V3
0,66,-3028.86157226562
0.168539325842697,66,-3041.51147460938
0.337078651685393,66,-3026.87866210938
0.50561797752809,66,-3038.36865234375
0.674157303370786,66,-3013.638671875
0.842696629213483,66,-2961.10864257812
1.01123595505618,66,-2997.9384765625
1.17977528089888,66,-2986.6884765625
1.34831460674157,66,-2987.18579101562
1.51685393258427,66,-2971.73583984375
1.68539325842697,66,-2384.56591796875
1.85393258426966,66,-2081.67578125
2.02247191011236,66,-1966.28588867188
2.19101123595506,66,-1875.11584472656
2.35955056179775,66,-1686.63757324219
2.52808988764045,66,-1586.63757324219
2.69662921348315,66,-1504.56750488281
2.86516853932584,66,-1451.60754394531
3.03370786516854,66,-1400.25756835938
3.20224719101124,66,-1396.62756347656
3.37078651685393,66,-1392.7275390625
3.53932584269663,66,-1378.57763671875
3.70786516853933,66,-1370.42761230469
3.87640449438202,66,-1363.62756347656
4.04494382022472,66,-1352.06762695312
4.21348314606742,66,-1328.08764648438
4.38202247191011,66,-1231.95764160156
4.55056179775281,66,-1154.0849609375
4.71910112359551,66,-1106.8349609375
4.8876404494382,66,-1038.5849609375
5.0561797752809,66,-893.034912109375
5.2247191011236,66,-821.774963378906
5.39325842696629,66,-760.424926757812
5.56179775280899,66,-706.934936523438
5.73033707865169,66,-618.205017089844
5.89887640449438,66,-555.315002441406
6.06741573033708,66,-467.795013427734
6.23595505617978,66,-372.355010986328
6.40449438202247,66,-324.964996337891
6.57303370786517,66,-356.595001220703
6.74157303370786,66,-369.864410400391
6.91011235955056,66,-373.064422607422
7.07865168539326,66,-385.104431152344
7.24719101123596,66,-393.574432373047
7.41573033707865,66,-389.344421386719
7.58426966292135,66,-386.404418945312
7.75280898876404,66,-371.564636230469
7.92134831460674,66,-383.294647216797
8.08988764044944,66,-394.994659423828
8.25842696629213,66,-405.674652099609
8.42696629213483,66,-401.614654541016
8.59550561797753,66,-384.804656982422
8.76404494382022,66,-366.5146484375
8.93258426966292,66,-334.730621337891
9.10112359550562,66,-293.710632324219
9.26966292134831,66,-284.260620117188
9.43820224719101,66,-291.880615234375
9.60674157303371,66,-296.920623779297
9.7752808988764,66,-293.960632324219
9.9438202247191,66,-304.675750732422
10.1123595505618,66,-318.625762939453
10.2808988764045,66,-331.315765380859
10.4494382022472,66,-336.595764160156
10.6179775280899,66,-320.1357421875
10.7865168539326,66,-301.735748291016
10.9550561797753,66,-283.115753173828
11.123595505618,66,-257.552917480469
11.2921348314607,66,-248.91291809082
11.4606741573034,66,-212.352905273438
11.6292134831461,66,-220.072906494141
11.7977528089888,66,-107.922912597656
11.9662921348315,66,-88.4129104614258
12.1348314606742,66,-69.6365432739258
12.3033707865169,66,-19.8765468597412
12.4719101123596,66,17.4934539794922
12.6404494382022,66,159.593460083008
12.8089887640449,66,181.473449707031
12.9775280898876,66,181.573455810547
13.1460674157303,66,165.35285949707
13.314606741573,66,221.442855834961
13.4831460674157,66,151.85285949707
13.6516853932584,66,674.792846679688
13.8202247191011,66,368.352874755859
13.9887640449438,66,569.752868652344
14.1573033707865,66,779.19287109375
14.3258426966292,66,861.944458007812
14.4943820224719,66,658.404418945312
14.6629213483146,66,845.304443359375
14.8314606741573,66,915.904418945312
15,66,1050.24438476562
0,65.8297872340426,-2984.70166015625
0.168539325842697,65.8297872340426,-2992.76147460938
0.337078651685393,65.8297872340426,-3003.888671875
0.50561797752809,65.8297872340426,-3023.228515625
0.674157303370786,65.8297872340426,-3024.74853515625
0.842696629213483,65.8297872340426,-3015.08862304688
1.01123595505618,65.8297872340426,-2947.30859375
1.17977528089888,65.8297872340426,-2965.20849609375
1.34831460674157,65.8297872340426,-2950.005859375
1.51685393258427,65.8297872340426,-2919.93579101562
1.68539325842697,65.8297872340426,-2911.35595703125
1.85393258426966,65.8297872340426,-2598.66577148438
2.02247191011236,65.8297872340426,-2237.005859375
2.19101123595506,65.8297872340426,-2085.65600585938
2.35955056179775,65.8297872340426,-1770.84753417969
2.52808988764045,65.8297872340426,-1660.40759277344
2.69662921348315,65.8297872340426,-1570.88757324219
2.86516853932584,65.8297872340426,-1492.50756835938
3.03370786516854,65.8297872340426,-1407.78759765625
3.20224719101124,65.8297872340426,-1397.09753417969
3.37078651685393,65.8297872340426,-1376.83752441406
3.53932584269663,65.8297872340426,-1366.74755859375
3.70786516853933,65.8297872340426,-1341.09765625
3.87640449438202,65.8297872340426,-1320.517578125
4.04494382022472,65.8297872340426,-1298.267578125
4.21348314606742,65.8297872340426,-1276.40759277344
4.38202247191011,65.8297872340426,-1192.95764160156
4.55056179775281,65.8297872340426,-1132.61499023438
4.71910112359551,65.8297872340426,-1076.95495605469
4.8876404494382,65.8297872340426,-1012.97491455078
5.0561797752809,65.8297872340426,-869.654907226562
5.2247191011236,65.8297872340426,-796.574951171875
5.39325842696629,65.8297872340426,-735.604919433594
5.56179775280899,65.8297872340426,-682.704956054688
5.73033707865169,65.8297872340426,-562.614990234375
5.89887640449438,65.8297872340426,-468.795013427734
6.06741573033708,65.8297872340426,-366.654998779297
6.23595505617978,65.8297872340426,-310.825012207031
6.40449438202247,65.8297872340426,-399.994995117188
6.57303370786517,65.8297872340426,-395.075012207031
6.74157303370786,65.8297872340426,-380.104431152344
6.91011235955056,65.8297872340426,-371.254425048828
7.07865168539326,65.8297872340426,-364.514434814453
7.24719101123596,65.8297872340426,-351.954406738281
7.41573033707865,65.8297872340426,-351.604431152344
7.58426966292135,65.8297872340426,-349.434417724609
7.75280898876404,65.8297872340426,-376.374633789062
7.92134831460674,65.8297872340426,-376.374633789062
8.08988764044944,65.8297872340426,-370.024658203125
8.25842696629213,65.8297872340426,-382.444641113281
8.42696629213483,65.8297872340426,-414.974639892578
8.59550561797753,65.8297872340426,-413.344635009766
8.76404494382022,65.8297872340426,-414.154663085938
8.93258426966292,65.8297872340426,-395.910614013672
9.10112359550562,65.8297872340426,-367.050628662109
9.26966292134831,65.8297872340426,-351.380615234375
9.43820224719101,65.8297872340426,-341.62060546875
9.60674157303371,65.8297872340426,-337.320617675781
9.7752808988764,65.8297872340426,-346.350616455078
9.9438202247191,65.8297872340426,-349.615753173828
10.1123595505618,65.8297872340426,-347.375762939453
10.2808988764045,65.8297872340426,-331.15576171875
10.4494382022472,65.8297872340426,-328.1357421875
10.6179775280899,65.8297872340426,-323.255737304688
10.7865168539326,65.8297872340426,-314.195739746094
10.9550561797753,65.8297872340426,-308.525756835938
11.123595505618,65.8297872340426,-308.002899169922
11.2921348314607,65.8297872340426,-288.242919921875
11.4606741573034,65.8297872340426,-187.962905883789
11.6292134831461,65.8297872340426,-83.7729110717773
11.7977528089888,65.8297872340426,-64.0829162597656
11.9662921348315,65.8297872340426,-72.7229156494141
12.1348314606742,65.8297872340426,-37.2065467834473
12.3033707865169,65.8297872340426,-35.6065483093262
12.4719101123596,65.8297872340426,-73.95654296875
12.6404494382022,65.8297872340426,93.5334548950195
12.8089887640449,65.8297872340426,333.873443603516
12.9775280898876,65.8297872340426,441.113464355469
13.1460674157303,65.8297872340426,413.382873535156
13.314606741573,65.8297872340426,164.582855224609
13.4831460674157,65.8297872340426,459.612854003906
13.6516853932584,65.8297872340426,413.552856445312
13.8202247191011,65.8297872340426,708.722839355469
13.9887640449438,65.8297872340426,529.512878417969
14.1573033707865,65.8297872340426,499.312866210938
14.3258426966292,65.8297872340426,581.614440917969
14.4943820224719,65.8297872340426,679.784423828125
14.6629213483146,65.8297872340426,704.964416503906
14.8314606741573,65.8297872340426,645.644409179688
15,65.8297872340426,618.784423828125
0,65.6595744680851,-2922.44165039062
0.168539325842697,65.6595744680851,-2898.931640625
0.337078651685393,65.6595744680851,-2939.54858398438
0.50561797752809,65.6595744680851,-2945.96850585938
0.674157303370786,65.6595744680851,-2967.62866210938
0.842696629213483,65.6595744680851,-2994.41845703125
1.01123595505618,65.6595744680851,-2983.71850585938
1.17977528089888,65.6595744680851,-2957.45849609375
1.34831460674157,65.6595744680851,-2896.60595703125
1.51685393258427,65.6595744680851,-2846.31591796875
1.68539325842697,65.6595744680851,-2839.93579101562
1.85393258426966,65.6595744680851,-2874.0859375
2.02247191011236,65.6595744680851,-2883.52587890625
2.19101123595506,65.6595744680851,-2869.17578125
2.35955056179775,65.6595744680851,-2611.24755859375
2.52808988764045,65.6595744680851,-2441.3974609375
2.69662921348315,65.6595744680851,-2153.17749023438
2.86516853932584,65.6595744680851,-1917.19750976562
3.03370786516854,65.6595744680851,-1587.44750976562
3.20224719101124,65.6595744680851,-1476.70751953125
3.37078651685393,65.6595744680851,-1400.67761230469
3.53932584269663,65.6595744680851,-1334.90759277344
3.70786516853933,65.6595744680851,-1233.70764160156
3.87640449438202,65.6595744680851,-1187.79760742188
4.04494382022472,65.6595744680851,-1171.03759765625
4.21348314606742,65.6595744680851,-1142.75756835938
4.38202247191011,65.6595744680851,-1047.32763671875
4.55056179775281,65.6595744680851,-994.944946289062
4.71910112359551,65.6595744680851,-924.194946289062
4.8876404494382,65.6595744680851,-840.134948730469
5.0561797752809,65.6595744680851,-771.044921875
5.2247191011236,65.6595744680851,-743.784912109375
5.39325842696629,65.6595744680851,-704.134948730469
5.56179775280899,65.6595744680851,-614.274963378906
5.73033707865169,65.6595744680851,-474.855010986328
5.89887640449438,65.6595744680851,-366.244995117188
6.06741573033708,65.6595744680851,-298.675018310547
6.23595505617978,65.6595744680851,-337.834991455078
6.40449438202247,65.6595744680851,-433.695007324219
6.57303370786517,65.6595744680851,-419.535003662109
6.74157303370786,65.6595744680851,-406.924407958984
6.91011235955056,65.6595744680851,-407.074432373047
7.07865168539326,65.6595744680851,-430.564422607422
7.24719101123596,65.6595744680851,-403.554412841797
7.41573033707865,65.6595744680851,-390.614410400391
7.58426966292135,65.6595744680851,-376.134429931641
7.75280898876404,65.6595744680851,-382.464660644531
7.92134831460674,65.6595744680851,-382.434661865234
8.08988764044944,65.6595744680851,-370.984649658203
8.25842696629213,65.6595744680851,-364.204650878906
8.42696629213483,65.6595744680851,-354.724639892578
8.59550561797753,65.6595744680851,-364.904663085938
8.76404494382022,65.6595744680851,-379.624633789062
8.93258426966292,65.6595744680851,-388.900634765625
9.10112359550562,65.6595744680851,-396.060607910156
9.26966292134831,65.6595744680851,-395.070617675781
9.43820224719101,65.6595744680851,-391.140625
9.60674157303371,65.6595744680851,-389.600616455078
9.7752808988764,65.6595744680851,-367.660614013672
9.9438202247191,65.6595744680851,-339.115753173828
10.1123595505618,65.6595744680851,-319.575744628906
10.2808988764045,65.6595744680851,-316.455749511719
10.4494382022472,65.6595744680851,-379.545745849609
10.6179775280899,65.6595744680851,-362.995758056641
10.7865168539326,65.6595744680851,-321.985748291016
10.9550561797753,65.6595744680851,-296.675750732422
11.123595505618,65.6595744680851,-172.842910766602
11.2921348314607,65.6595744680851,-122.582916259766
11.4606741573034,65.6595744680851,-38.2529144287109
11.6292134831461,65.6595744680851,-35.4329109191895
11.7977528089888,65.6595744680851,-169.742919921875
11.9662921348315,65.6595744680851,-211.362915039062
12.1348314606742,65.6595744680851,-151.776550292969
12.3033707865169,65.6595744680851,-123.516548156738
12.4719101123596,65.6595744680851,159.233459472656
12.6404494382022,65.6595744680851,256.963439941406
12.8089887640449,65.6595744680851,444.223449707031
12.9775280898876,65.6595744680851,585.003479003906
13.1460674157303,65.6595744680851,554.6728515625
13.314606741573,65.6595744680851,563.622863769531
13.4831460674157,65.6595744680851,255.032867431641
13.6516853932584,65.6595744680851,481.592864990234
13.8202247191011,65.6595744680851,486.162872314453
13.9887640449438,65.6595744680851,619.6728515625
14.1573033707865,65.6595744680851,436.932861328125
14.3258426966292,65.6595744680851,527.254455566406
14.4943820224719,65.6595744680851,872.234436035156
14.6629213483146,65.6595744680851,851.114440917969
14.8314606741573,65.6595744680851,789.734436035156
15,65.6595744680851,746.554443359375
0,65.4893617021277,-2979.37133789062
0.168539325842697,65.4893617021277,-2937.38134765625
0.337078651685393,65.4893617021277,-2898.13793945312
0.50561797752809,65.4893617021277,-2921.2978515625
0.674157303370786,65.4893617021277,-2910.45776367188
0.842696629213483,65.4893617021277,-2890.0078125
1.01123595505618,65.4893617021277,-2967.80786132812
1.17977528089888,65.4893617021277,-2952.63793945312
1.34831460674157,65.4893617021277,-2929.50170898438
1.51685393258427,65.4893617021277,-2877.2119140625
1.68539325842697,65.4893617021277,-2859.37182617188
1.85393258426966,65.4893617021277,-2894.00170898438
2.02247191011236,65.4893617021277,-2916.77172851562
2.19101123595506,65.4893617021277,-2925.95190429688
2.35955056179775,65.4893617021277,-2809.0771484375
2.52808988764045,65.4893617021277,-2550.83715820312
2.69662921348315,65.4893617021277,-2320.00708007812
2.86516853932584,65.4893617021277,-2094.14721679688
3.03370786516854,65.4893617021277,-1595.91711425781
3.20224719101124,65.4893617021277,-1469.62719726562
3.37078651685393,65.4893617021277,-1391.00720214844
3.53932584269663,65.4893617021277,-1337.91662597656
3.70786516853933,65.4893617021277,-1243.96667480469
3.87640449438202,65.4893617021277,-1192.88659667969
4.04494382022472,65.4893617021277,-1142.73657226562
4.21348314606742,65.4893617021277,-1107.5966796875
4.38202247191011,65.4893617021277,-1004.78662109375
4.55056179775281,65.4893617021277,-917.067626953125
4.71910112359551,65.4893617021277,-861.907592773438
4.8876404494382,65.4893617021277,-799.417602539062
5.0561797752809,65.4893617021277,-706.187622070312
5.2247191011236,65.4893617021277,-688.317626953125
5.39325842696629,65.4893617021277,-671.5576171875
5.56179775280899,65.4893617021277,-619.247619628906
5.73033707865169,65.4893617021277,-503.594635009766
5.89887640449438,65.4893617021277,-421.674652099609
6.06741573033708,65.4893617021277,-331.424652099609
6.23595505617978,65.4893617021277,-351.994659423828
6.40449438202247,65.4893617021277,-424.284637451172
6.57303370786517,65.4893617021277,-383.754638671875
6.74157303370786,65.4893617021277,-381.777069091797
6.91011235955056,65.4893617021277,-391.847076416016
7.07865168539326,65.4893617021277,-364.327087402344
7.24719101123596,65.4893617021277,-353.797088623047
7.41573033707865,65.4893617021277,-346.217071533203
7.58426966292135,65.4893617021277,-333.277069091797
7.75280898876404,65.4893617021277,-352.892913818359
7.92134831460674,65.4893617021277,-356.312927246094
8.08988764044944,65.4893617021277,-349.222930908203
8.25842696629213,65.4893617021277,-340.332916259766
8.42696629213483,65.4893617021277,-332.882934570312
8.59550561797753,65.4893617021277,-334.022918701172
8.76404494382022,65.4893617021277,-334.512939453125
8.93258426966292,65.4893617021277,-330.589874267578
9.10112359550562,65.4893617021277,-330.579895019531
9.26966292134831,65.4893617021277,-331.269897460938
9.43820224719101,65.4893617021277,-326.269897460938
9.60674157303371,65.4893617021277,-303.529876708984
9.7752808988764,65.4893617021277,-244.049896240234
9.9438202247191,65.4893617021277,-229.987442016602
10.1123595505618,65.4893617021277,-218.617431640625
10.2808988764045,65.4893617021277,-222.817443847656
10.4494382022472,65.4893617021277,-309.487426757812
10.6179775280899,65.4893617021277,-364.747436523438
10.7865168539326,65.4893617021277,-319.587432861328
10.9550561797753,65.4893617021277,-237.107437133789
11.123595505618,65.4893617021277,-158.951843261719
11.2921348314607,65.4893617021277,-129.021850585938
11.4606741573034,65.4893617021277,-78.4618453979492
11.6292134831461,65.4893617021277,-88.0518493652344
11.7977528089888,65.4893617021277,-110.671844482422
11.9662921348315,65.4893617021277,-91.3418426513672
12.1348314606742,65.4893617021277,-25.4239253997803
12.3033707865169,65.4893617021277,29.8060760498047
12.4719101123596,65.4893617021277,84.0460739135742
12.6404494382022,65.4893617021277,89.1860733032227
12.8089887640449,65.4893617021277,353.576080322266
12.9775280898876,65.4893617021277,510.396087646484
13.1460674157303,65.4893617021277,779.257080078125
13.314606741573,65.4893617021277,664.51708984375
13.4831460674157,65.4893617021277,394.577087402344
13.6516853932584,65.4893617021277,747.857116699219
13.8202247191011,65.4893617021277,1043.42712402344
13.9887640449438,65.4893617021277,704.487121582031
14.1573033707865,65.4893617021277,625.897094726562
14.3258426966292,65.4893617021277,735.559020996094
14.4943820224719,65.4893617021277,834.679016113281
14.6629213483146,65.4893617021277,809.259033203125
14.8314606741573,65.4893617021277,800.099060058594
15,65.4893617021277,719.189025878906
0,65.3191489361702,-2869.06127929688
0.168539325842697,65.3191489361702,-2857.41137695312
0.337078651685393,65.3191489361702,-2846.15795898438
0.50561797752809,65.3191489361702,-2891.32788085938
0.674157303370786,65.3191489361702,-2907.7578125
0.842696629213483,65.3191489361702,-2869.42797851562
1.01123595505618,65.3191489361702,-2955.0478515625
1.17977528089888,65.3191489361702,-2946.76782226562
1.34831460674157,65.3191489361702,-2927.87182617188
1.51685393258427,65.3191489361702,-2877.69189453125
1.68539325842697,65.3191489361702,-2771.11181640625
1.85393258426966,65.3191489361702,-2825.90185546875
2.02247191011236,65.3191489361702,-2911.28173828125
2.19101123595506,65.3191489361702,-2890.10180664062
2.35955056179775,65.3191489361702,-2784.89721679688
2.52808988764045,65.3191489361702,-2571.447265625
2.69662921348315,65.3191489361702,-2321.75708007812
2.86516853932584,65.3191489361702,-2043.52709960938
3.03370786516854,65.3191489361702,-1587.16711425781
3.20224719101124,65.3191489361702,-1435.06713867188
3.37078651685393,65.3191489361702,-1349.71716308594
3.53932584269663,65.3191489361702,-1277.2666015625
3.70786516853933,65.3191489361702,-1217.58666992188
3.87640449438202,65.3191489361702,-1171.5966796875
4.04494382022472,65.3191489361702,-1125.57666015625
4.21348314606742,65.3191489361702,-1083.056640625
4.38202247191011,65.3191489361702,-971.126647949219
4.55056179775281,65.3191489361702,-914.147583007812
4.71910112359551,65.3191489361702,-855.977600097656
4.8876404494382,65.3191489361702,-794.547607421875
5.0561797752809,65.3191489361702,-691.517578125
5.2247191011236,65.3191489361702,-661.937622070312
5.39325842696629,65.3191489361702,-642.617614746094
5.56179775280899,65.3191489361702,-623.197631835938
5.73033707865169,65.3191489361702,-564.734619140625
5.89887640449438,65.3191489361702,-519.7646484375
6.06741573033708,65.3191489361702,-445.734649658203
6.23595505617978,65.3191489361702,-359.534637451172
6.40449438202247,65.3191489361702,-316.284637451172
6.57303370786517,65.3191489361702,-289.954650878906
6.74157303370786,65.3191489361702,-292.587066650391
6.91011235955056,65.3191489361702,-314.297088623047
7.07865168539326,65.3191489361702,-306.957061767578
7.24719101123596,65.3191489361702,-318.107086181641
7.41573033707865,65.3191489361702,-317.057067871094
7.58426966292135,65.3191489361702,-302.227081298828
7.75280898876404,65.3191489361702,-300.992919921875
7.92134831460674,65.3191489361702,-311.282928466797
8.08988764044944,65.3191489361702,-323.282928466797
8.25842696629213,65.3191489361702,-327.212921142578
8.42696629213483,65.3191489361702,-319.552917480469
8.59550561797753,65.3191489361702,-319.162933349609
8.76404494382022,65.3191489361702,-310.552917480469
8.93258426966292,65.3191489361702,-305.939880371094
9.10112359550562,65.3191489361702,-300.079895019531
9.26966292134831,65.3191489361702,-302.959899902344
9.43820224719101,65.3191489361702,-306.3798828125
9.60674157303371,65.3191489361702,-310.159881591797
9.7752808988764,65.3191489361702,-243.139892578125
9.9438202247191,65.3191489361702,-195.607437133789
10.1123595505618,65.3191489361702,-178.437438964844
10.2808988764045,65.3191489361702,-163.777435302734
10.4494382022472,65.3191489361702,-186.867431640625
10.6179775280899,65.3191489361702,-291.787445068359
10.7865168539326,65.3191489361702,-286.867431640625
10.9550561797753,65.3191489361702,-225.907440185547
11.123595505618,65.3191489361702,-117.541847229004
11.2921348314607,65.3191489361702,-161.171844482422
11.4606741573034,65.3191489361702,-61.3318481445312
11.6292134831461,65.3191489361702,-44.7518463134766
11.7977528089888,65.3191489361702,-90.5318450927734
11.9662921348315,65.3191489361702,-50.2918472290039
12.1348314606742,65.3191489361702,-40.8339233398438
12.3033707865169,65.3191489361702,-40.2939262390137
12.4719101123596,65.3191489361702,188.576080322266
12.6404494382022,65.3191489361702,213.866073608398
12.8089887640449,65.3191489361702,213.146072387695
12.9775280898876,65.3191489361702,372.156066894531
13.1460674157303,65.3191489361702,693.417114257812
13.314606741573,65.3191489361702,439.967102050781
13.4831460674157,65.3191489361702,468.347106933594
13.6516853932584,65.3191489361702,684.887084960938
13.8202247191011,65.3191489361702,1055.75708007812
13.9887640449438,65.3191489361702,879.847106933594
14.1573033707865,65.3191489361702,901.647094726562
14.3258426966292,65.3191489361702,906.589050292969
14.4943820224719,65.3191489361702,797.679016113281
14.6629213483146,65.3191489361702,774.189025878906
14.8314606741573,65.3191489361702,754.739013671875
15,65.3191489361702,762.009033203125
0,65.1489361702128,-2834.94116210938
0.168539325842697,65.1489361702128,-2839.81127929688
0.337078651685393,65.1489361702128,-2709.34790039062
0.50561797752809,65.1489361702128,-2715.7978515625
0.674157303370786,65.1489361702128,-2831.14794921875
0.842696629213483,65.1489361702128,-2873.49780273438
1.01123595505618,65.1489361702128,-2952.337890625
1.17977528089888,65.1489361702128,-2950.36791992188
1.34831460674157,65.1489361702128,-2931.60180664062
1.51685393258427,65.1489361702128,-2909.6318359375
1.68539325842697,65.1489361702128,-2738.51171875
1.85393258426966,65.1489361702128,-2773.15185546875
2.02247191011236,65.1489361702128,-2819.04174804688
2.19101123595506,65.1489361702128,-2817.56176757812
2.35955056179775,65.1489361702128,-2764.63720703125
2.52808988764045,65.1489361702128,-2622.6572265625
2.69662921348315,65.1489361702128,-2323.30712890625
2.86516853932584,65.1489361702128,-2017.037109375
3.03370786516854,65.1489361702128,-1718.62719726562
3.20224719101124,65.1489361702128,-1554.62719726562
3.37078651685393,65.1489361702128,-1414.19714355469
3.53932584269663,65.1489361702128,-1303.99658203125
3.70786516853933,65.1489361702128,-1179.13659667969
3.87640449438202,65.1489361702128,-1148.42663574219
4.04494382022472,65.1489361702128,-1119.11657714844
4.21348314606742,65.1489361702128,-1078.2666015625
4.38202247191011,65.1489361702128,-971.28662109375
4.55056179775281,65.1489361702128,-929.647583007812
4.71910112359551,65.1489361702128,-883.217590332031
4.8876404494382,65.1489361702128,-821.317626953125
5.0561797752809,65.1489361702128,-704.597595214844
5.2247191011236,65.1489361702128,-670.637573242188
5.39325842696629,65.1489361702128,-643.707580566406
5.56179775280899,65.1489361702128,-611.797607421875
5.73033707865169,65.1489361702128,-551.53466796875
5.89887640449438,65.1489361702128,-527.344665527344
6.06741573033708,65.1489361702128,-505.5146484375
6.23595505617978,65.1489361702128,-469.244659423828
6.40449438202247,65.1489361702128,-360.914642333984
6.57303370786517,65.1489361702128,-290.784637451172
6.74157303370786,65.1489361702128,-280.437072753906
6.91011235955056,65.1489361702128,-287.857086181641
7.07865168539326,65.1489361702128,-298.76708984375
7.24719101123596,65.1489361702128,-292.967071533203
7.41573033707865,65.1489361702128,-292.527069091797
7.58426966292135,65.1489361702128,-272.157073974609
7.75280898876404,65.1489361702128,-233.542922973633
7.92134831460674,65.1489361702128,-235.172927856445
8.08988764044944,65.1489361702128,-241.672927856445
8.25842696629213,65.1489361702128,-244.142929077148
8.42696629213483,65.1489361702128,-263.772918701172
8.59550561797753,65.1489361702128,-272.312927246094
8.76404494382022,65.1489361702128,-282.032928466797
8.93258426966292,65.1489361702128,-286.239898681641
9.10112359550562,65.1489361702128,-294.729888916016
9.26966292134831,65.1489361702128,-293.069885253906
9.43820224719101,65.1489361702128,-327.519897460938
9.60674157303371,65.1489361702128,-349.639892578125
9.7752808988764,65.1489361702128,-314.499877929688
9.9438202247191,65.1489361702128,-260.737426757812
10.1123595505618,65.1489361702128,-250.407440185547
10.2808988764045,65.1489361702128,-244.497436523438
10.4494382022472,65.1489361702128,-237.527435302734
10.6179775280899,65.1489361702128,-189.617431640625
10.7865168539326,65.1489361702128,-88.0174407958984
10.9550561797753,65.1489361702128,-150.667434692383
11.123595505618,65.1489361702128,-154.831848144531
11.2921348314607,65.1489361702128,-127.821846008301
11.4606741573034,65.1489361702128,-126.211845397949
11.6292134831461,65.1489361702128,-110.831848144531
11.7977528089888,65.1489361702128,-77.7818450927734
11.9662921348315,65.1489361702128,19.7781543731689
12.1348314606742,65.1489361702128,-56.5139236450195
12.3033707865169,65.1489361702128,243.526077270508
12.4719101123596,65.1489361702128,147.526077270508
12.6404494382022,65.1489361702128,182.546081542969
12.8089887640449,65.1489361702128,504.216064453125
12.9775280898876,65.1489361702128,586.266052246094
13.1460674157303,65.1489361702128,676.797119140625
13.314606741573,65.1489361702128,390.01708984375
13.4831460674157,65.1489361702128,423.357086181641
13.6516853932584,65.1489361702128,745.967102050781
13.8202247191011,65.1489361702128,765.437072753906
13.9887640449438,65.1489361702128,923.647094726562
14.1573033707865,65.1489361702128,1045.47705078125
14.3258426966292,65.1489361702128,1033.9990234375
14.4943820224719,65.1489361702128,854.899047851562
14.6629213483146,65.1489361702128,814.509033203125
14.8314606741573,65.1489361702128,909.439025878906
15,65.1489361702128,817.26904296875
0,64.9787234042553,-2767.48120117188
0.168539325842697,64.9787234042553,-2718.06127929688
0.337078651685393,64.9787234042553,-2698.61791992188
0.50561797752809,64.9787234042553,-2699.51782226562
0.674157303370786,64.9787234042553,-2676.42797851562
0.842696629213483,64.9787234042553,-2728.70776367188
1.01123595505618,64.9787234042553,-2772.4677734375
1.17977528089888,64.9787234042553,-2802.53784179688
1.34831460674157,64.9787234042553,-2881.11181640625
1.51685393258427,64.9787234042553,-2907.591796875
1.68539325842697,64.9787234042553,-2835.07177734375
1.85393258426966,64.9787234042553,-2834.83178710938
2.02247191011236,64.9787234042553,-2792.06176757812
2.19101123595506,64.9787234042553,-2747.36181640625
2.35955056179775,64.9787234042553,-2556.22705078125
2.52808988764045,64.9787234042553,-2388.447265625
2.69662921348315,64.9787234042553,-2114.23706054688
2.86516853932584,64.9787234042553,-1930.93713378906
3.03370786516854,64.9787234042553,-1819.99719238281
3.20224719101124,64.9787234042553,-1764.83715820312
3.37078651685393,64.9787234042553,-1612.72717285156
3.53932584269663,64.9787234042553,-1469.66662597656
3.70786516853933,64.9787234042553,-1219.33666992188
3.87640449438202,64.9787234042553,-1132.97668457031
4.04494382022472,64.9787234042553,-1060.78662109375
4.21348314606742,64.9787234042553,-999.906616210938
4.38202247191011,64.9787234042553,-928.586608886719
4.55056179775281,64.9787234042553,-892.327575683594
4.71910112359551,64.9787234042553,-853.417602539062
4.8876404494382,64.9787234042553,-807.867614746094
5.0561797752809,64.9787234042553,-719.577575683594
5.2247191011236,64.9787234042553,-693.577575683594
5.39325842696629,64.9787234042553,-666.887573242188
5.56179775280899,64.9787234042553,-609.507629394531
5.73033707865169,64.9787234042553,-426.324645996094
5.89887640449438,64.9787234042553,-361.884643554688
6.06741573033708,64.9787234042553,-339.934661865234
6.23595505617978,64.9787234042553,-330.194641113281
6.40449438202247,64.9787234042553,-296.984649658203
6.57303370786517,64.9787234042553,-284.004638671875
6.74157303370786,64.9787234042553,-303.547088623047
6.91011235955056,64.9787234042553,-295.2470703125
7.07865168539326,64.9787234042553,-280.067077636719
7.24719101123596,64.9787234042553,-273.107086181641
7.41573033707865,64.9787234042553,-265.697082519531
7.58426966292135,64.9787234042553,-257.567077636719
7.75280898876404,64.9787234042553,-235.852920532227
7.92134831460674,64.9787234042553,-243.652923583984
8.08988764044944,64.9787234042553,-236.07292175293
8.25842696629213,64.9787234042553,-222.062927246094
8.42696629213483,64.9787234042553,-174.622924804688
8.59550561797753,64.9787234042553,-168.532928466797
8.76404494382022,64.9787234042553,-171.82292175293
8.93258426966292,64.9787234042553,-191.889892578125
9.10112359550562,64.9787234042553,-216.279891967773
9.26966292134831,64.9787234042553,-237.369888305664
9.43820224719101,64.9787234042553,-254.519882202148
9.60674157303371,64.9787234042553,-276.3798828125
9.7752808988764,64.9787234042553,-314.489898681641
9.9438202247191,64.9787234042553,-355.707427978516
10.1123595505618,64.9787234042553,-296.62744140625
10.2808988764045,64.9787234042553,-248.327438354492
10.4494382022472,64.9787234042553,-74.257438659668
10.6179775280899,64.9787234042553,-11.2974376678467
10.7865168539326,64.9787234042553,2.42256236076355
10.9550561797753,64.9787234042553,10.3925619125366
11.123595505618,64.9787234042553,11.0981540679932
11.2921348314607,64.9787234042553,14.6481533050537
11.4606741573034,64.9787234042553,55.0781555175781
11.6292134831461,64.9787234042553,51.3781547546387
11.7977528089888,64.9787234042553,111.51815032959
11.9662921348315,64.9787234042553,191.898147583008
12.1348314606742,64.9787234042553,252.946075439453
12.3033707865169,64.9787234042553,316.156066894531
12.4719101123596,64.9787234042553,330.816070556641
12.6404494382022,64.9787234042553,554.2060546875
12.8089887640449,64.9787234042553,645.986083984375
12.9775280898876,64.9787234042553,460.646087646484
13.1460674157303,64.9787234042553,383.247100830078
13.314606741573,64.9787234042553,619.837097167969
13.4831460674157,64.9787234042553,568.777099609375
13.6516853932584,64.9787234042553,454.797088623047
13.8202247191011,64.9787234042553,746.127075195312
13.9887640449438,64.9787234042553,666.417114257812
14.1573033707865,64.9787234042553,608.457092285156
14.3258426966292,64.9787234042553,538.929016113281
14.4943820224719,64.9787234042553,660.589050292969
14.6629213483146,64.9787234042553,725.549011230469
14.8314606741573,64.9787234042553,749.279052734375
15,64.9787234042553,762.799011230469
0,64.8085106382979,-2761.0712890625
0.168539325842697,64.8085106382979,-2682.96118164062
0.337078651685393,64.8085106382979,-2671.49780273438
0.50561797752809,64.8085106382979,-2698.64794921875
0.674157303370786,64.8085106382979,-2700.68774414062
0.842696629213483,64.8085106382979,-2719.24780273438
1.01123595505618,64.8085106382979,-2742.61791992188
1.17977528089888,64.8085106382979,-2747.63793945312
1.34831460674157,64.8085106382979,-2786.4619140625
1.51685393258427,64.8085106382979,-2811.47192382812
1.68539325842697,64.8085106382979,-2874.33178710938
1.85393258426966,64.8085106382979,-2829.24169921875
2.02247191011236,64.8085106382979,-2805.3818359375
2.19101123595506,64.8085106382979,-2777.41186523438
2.35955056179775,64.8085106382979,-2587.97705078125
2.52808988764045,64.8085106382979,-2421.43725585938
2.69662921348315,64.8085106382979,-2307.787109375
2.86516853932584,64.8085106382979,-2230.04711914062
3.03370786516854,64.8085106382979,-2082.31713867188
3.20224719101124,64.8085106382979,-1988.79711914062
3.37078651685393,64.8085106382979,-1859.81713867188
3.53932584269663,64.8085106382979,-1680.41662597656
3.70786516853933,64.8085106382979,-1362.36657714844
3.87640449438202,64.8085106382979,-1263.33666992188
4.04494382022472,64.8085106382979,-1170.87658691406
4.21348314606742,64.8085106382979,-1079.48657226562
4.38202247191011,64.8085106382979,-966.186645507812
4.55056179775281,64.8085106382979,-911.277587890625
4.71910112359551,64.8085106382979,-863.477600097656
4.8876404494382,64.8085106382979,-817.237609863281
5.0561797752809,64.8085106382979,-733.887573242188
5.2247191011236,64.8085106382979,-701.727600097656
5.39325842696629,64.8085106382979,-653.457580566406
5.56179775280899,64.8085106382979,-586.3076171875
5.73033707865169,64.8085106382979,-388.804656982422
5.89887640449438,64.8085106382979,-330.204650878906
6.06741573033708,64.8085106382979,-318.494659423828
6.23595505617978,64.8085106382979,-316.644653320312
6.40449438202247,64.8085106382979,-285.034637451172
6.57303370786517,64.8085106382979,-257.094635009766
6.74157303370786,64.8085106382979,-257.827087402344
6.91011235955056,64.8085106382979,-257.087066650391
7.07865168539326,64.8085106382979,-248.947082519531
7.24719101123596,64.8085106382979,-242.2470703125
7.41573033707865,64.8085106382979,-236.307083129883
7.58426966292135,64.8085106382979,-234.097076416016
7.75280898876404,64.8085106382979,-232.972930908203
7.92134831460674,64.8085106382979,-236.57292175293
8.08988764044944,64.8085106382979,-226.07292175293
8.25842696629213,64.8085106382979,-216.702926635742
8.42696629213483,64.8085106382979,-186.342926025391
8.59550561797753,64.8085106382979,-164.042922973633
8.76404494382022,64.8085106382979,-130.802932739258
8.93258426966292,64.8085106382979,-120.529891967773
9.10112359550562,64.8085106382979,-184.55989074707
9.26966292134831,64.8085106382979,-205.55989074707
9.43820224719101,64.8085106382979,-218.249893188477
9.60674157303371,64.8085106382979,-228.419891357422
9.7752808988764,64.8085106382979,-329.139892578125
9.9438202247191,64.8085106382979,-369.347442626953
10.1123595505618,64.8085106382979,-344.387451171875
10.2808988764045,64.8085106382979,-287.737426757812
10.4494382022472,64.8085106382979,-118.827438354492
10.6179775280899,64.8085106382979,-63.3674392700195
10.7865168539326,64.8085106382979,-110.677436828613
10.9550561797753,64.8085106382979,-125.167434692383
11.123595505618,64.8085106382979,-112.801849365234
11.2921348314607,64.8085106382979,-91.9618453979492
11.4606741573034,64.8085106382979,-89.7818450927734
11.6292134831461,64.8085106382979,-23.5018463134766
11.7977528089888,64.8085106382979,148.288146972656
11.9662921348315,64.8085106382979,244.968154907227
12.1348314606742,64.8085106382979,455.296081542969
12.3033707865169,64.8085106382979,397.626068115234
12.4719101123596,64.8085106382979,515.566101074219
12.6404494382022,64.8085106382979,433.836090087891
12.8089887640449,64.8085106382979,273.666076660156
12.9775280898876,64.8085106382979,287.776062011719
13.1460674157303,64.8085106382979,550.867126464844
13.314606741573,64.8085106382979,515.797119140625
13.4831460674157,64.8085106382979,433.927093505859
13.6516853932584,64.8085106382979,472.117095947266
13.8202247191011,64.8085106382979,640.05712890625
13.9887640449438,64.8085106382979,567.917114257812
14.1573033707865,64.8085106382979,506.557098388672
14.3258426966292,64.8085106382979,525.069030761719
14.4943820224719,64.8085106382979,841.149047851562
14.6629213483146,64.8085106382979,802.079040527344
14.8314606741573,64.8085106382979,720.72900390625
15,64.8085106382979,698.109008789062
0,64.6382978723404,-2683.33129882812
0.168539325842697,64.6382978723404,-2679.03125
0.337078651685393,64.6382978723404,-2623.59790039062
0.50561797752809,64.6382978723404,-2667.84790039062
0.674157303370786,64.6382978723404,-2678.10791015625
0.842696629213483,64.6382978723404,-2679.19775390625
1.01123595505618,64.6382978723404,-2644.7578125
1.17977528089888,64.6382978723404,-2713.36791992188
1.34831460674157,64.6382978723404,-2765.61181640625
1.51685393258427,64.6382978723404,-2781.82177734375
1.68539325842697,64.6382978723404,-2840.97192382812
1.85393258426966,64.6382978723404,-2845.27172851562
2.02247191011236,64.6382978723404,-2836.20190429688
2.19101123595506,64.6382978723404,-2752.52172851562
2.35955056179775,64.6382978723404,-2556.05712890625
2.52808988764045,64.6382978723404,-2467.47705078125
2.69662921348315,64.6382978723404,-2431.2470703125
2.86516853932584,64.6382978723404,-2394.3271484375
3.03370786516854,64.6382978723404,-2221.98706054688
3.20224719101124,64.6382978723404,-2120.68725585938
3.37078651685393,64.6382978723404,-2021.66711425781
3.53932584269663,64.6382978723404,-1930.0966796875
3.70786516853933,64.6382978723404,-1687.20666503906
3.87640449438202,64.6382978723404,-1632.78662109375
4.04494382022472,64.6382978723404,-1568.91662597656
4.21348314606742,64.6382978723404,-1470.08666992188
4.38202247191011,64.6382978723404,-1326.27661132812
4.55056179775281,64.6382978723404,-1239.73754882812
4.71910112359551,64.6382978723404,-1154.38757324219
4.8876404494382,64.6382978723404,-1071.11755371094
5.0561797752809,64.6382978723404,-956.827575683594
5.2247191011236,64.6382978723404,-884.637573242188
5.39325842696629,64.6382978723404,-784.827575683594
5.56179775280899,64.6382978723404,-704.597595214844
5.73033707865169,64.6382978723404,-433.204650878906
5.89887640449438,64.6382978723404,-342.834655761719
6.06741573033708,64.6382978723404,-338.904663085938
6.23595505617978,64.6382978723404,-341.404663085938
6.40449438202247,64.6382978723404,-314.374633789062
6.57303370786517,64.6382978723404,-289.024658203125
6.74157303370786,64.6382978723404,-273.097076416016
6.91011235955056,64.6382978723404,-258.647064208984
7.07865168539326,64.6382978723404,-227.647079467773
7.24719101123596,64.6382978723404,-220.607070922852
7.41573033707865,64.6382978723404,-223.047073364258
7.58426966292135,64.6382978723404,-229.057083129883
7.75280898876404,64.6382978723404,-231.832931518555
7.92134831460674,64.6382978723404,-231.532928466797
8.08988764044944,64.6382978723404,-233.382934570312
8.25842696629213,64.6382978723404,-230.552932739258
8.42696629213483,64.6382978723404,-186.032928466797
8.59550561797753,64.6382978723404,-165.292922973633
8.76404494382022,64.6382978723404,-142.682922363281
8.93258426966292,64.6382978723404,-129.859893798828
9.10112359550562,64.6382978723404,-177.749893188477
9.26966292134831,64.6382978723404,-225.949890136719
9.43820224719101,64.6382978723404,-258.849884033203
9.60674157303371,64.6382978723404,-288.339874267578
9.7752808988764,64.6382978723404,-402.479888916016
9.9438202247191,64.6382978723404,-379.777435302734
10.1123595505618,64.6382978723404,-313.367431640625
10.2808988764045,64.6382978723404,-246.977432250977
10.4494382022472,64.6382978723404,-307.887451171875
10.6179775280899,64.6382978723404,-399.217437744141
10.7865168539326,64.6382978723404,-256.607452392578
10.9550561797753,64.6382978723404,-117.11743927002
11.123595505618,64.6382978723404,-18.0418472290039
11.2921348314607,64.6382978723404,18.1981544494629
11.4606741573034,64.6382978723404,62.0781555175781
11.6292134831461,64.6382978723404,125.378150939941
11.7977528089888,64.6382978723404,284.478149414062
11.9662921348315,64.6382978723404,384.528167724609
12.1348314606742,64.6382978723404,297.146087646484
12.3033707865169,64.6382978723404,171.276077270508
12.4719101123596,64.6382978723404,295.266082763672
12.6404494382022,64.6382978723404,229.696075439453
12.8089887640449,64.6382978723404,413.486083984375
12.9775280898876,64.6382978723404,486.366088867188
13.1460674157303,64.6382978723404,656.987121582031
13.314606741573,64.6382978723404,669.80712890625
13.4831460674157,64.6382978723404,634.377075195312
13.6516853932584,64.6382978723404,569.507080078125
13.8202247191011,64.6382978723404,477.607086181641
13.9887640449438,64.6382978723404,418.987091064453
14.1573033707865,64.6382978723404,387.507110595703
14.3258426966292,64.6382978723404,563.319030761719
14.4943820224719,64.6382978723404,702.239013671875
14.6629213483146,64.6382978723404,670.659057617188
14.8314606741573,64.6382978723404,612.619018554688
15,64.6382978723404,552.709045410156
0,64.468085106383,-2616.9013671875
0.168539325842697,64.468085106383,-2621.78125
0.337078651685393,64.468085106383,-2587.5078125
0.50561797752809,64.468085106383,-2603.10791015625
0.674157303370786,64.468085106383,-2623.97778320312
0.842696629213483,64.468085106383,-2631.01782226562
1.01123595505618,64.468085106383,-2615.65795898438
1.17977528089888,64.468085106383,-2679.82788085938
1.34831460674157,64.468085106383,-2707.27172851562
1.51685393258427,64.468085106383,-2723.51171875
1.68539325842697,64.468085106383,-2687.75170898438
1.85393258426966,64.468085106383,-2622.171875
2.02247191011236,64.468085106383,-2576.50170898438
2.19101123595506,64.468085106383,-2497.341796875
2.35955056179775,64.468085106383,-2328.85717773438
2.52808988764045,64.468085106383,-2227.88720703125
2.69662921348315,64.468085106383,-2175.34716796875
2.86516853932584,64.468085106383,-2255.88720703125
3.03370786516854,64.468085106383,-2282.00708007812
3.20224719101124,64.468085106383,-2251.447265625
3.37078651685393,64.468085106383,-2154.697265625
3.53932584269663,64.468085106383,-2069.04663085938
3.70786516853933,64.468085106383,-1916.556640625
3.87640449438202,64.468085106383,-1835.73657226562
4.04494382022472,64.468085106383,-1751.35668945312
4.21348314606742,64.468085106383,-1634.21667480469
4.38202247191011,64.468085106383,-1502.89660644531
4.55056179775281,64.468085106383,-1446.41760253906
4.71910112359551,64.468085106383,-1383.767578125
4.8876404494382,64.468085106383,-1333.07763671875
5.0561797752809,64.468085106383,-1185.50756835938
5.2247191011236,64.468085106383,-1093.10754394531
5.39325842696629,64.468085106383,-957.637573242188
5.56179775280899,64.468085106383,-837.317626953125
5.73033707865169,64.468085106383,-500.544647216797
5.89887640449438,64.468085106383,-373.324645996094
6.06741573033708,64.468085106383,-357.164642333984
6.23595505617978,64.468085106383,-358.874633789062
6.40449438202247,64.468085106383,-356.824645996094
6.57303370786517,64.468085106383,-342.724639892578
6.74157303370786,64.468085106383,-310.907073974609
6.91011235955056,64.468085106383,-293.737091064453
7.07865168539326,64.468085106383,-275.947082519531
7.24719101123596,64.468085106383,-272.707061767578
7.41573033707865,64.468085106383,-269.867065429688
7.58426966292135,64.468085106383,-266.837066650391
7.75280898876404,64.468085106383,-245.992919921875
7.92134831460674,64.468085106383,-231.7529296875
8.08988764044944,64.468085106383,-219.082931518555
8.25842696629213,64.468085106383,-210.492919921875
8.42696629213483,64.468085106383,-201.462921142578
8.59550561797753,64.468085106383,-179.032928466797
8.76404494382022,64.468085106383,-180.162933349609
8.93258426966292,64.468085106383,-181.729888916016
9.10112359550562,64.468085106383,-274.519897460938
9.26966292134831,64.468085106383,-327.89990234375
9.43820224719101,64.468085106383,-335.859893798828
9.60674157303371,64.468085106383,-343.209899902344
9.7752808988764,64.468085106383,-303.499877929688
9.9438202247191,64.468085106383,-273.947448730469
10.1123595505618,64.468085106383,-249.997436523438
10.2808988764045,64.468085106383,-249.587432861328
10.4494382022472,64.468085106383,-214.527435302734
10.6179775280899,64.468085106383,-56.3274383544922
10.7865168539326,64.468085106383,25.3525619506836
10.9550561797753,64.468085106383,120.04256439209
11.123595505618,64.468085106383,98.738151550293
11.2921348314607,64.468085106383,68.3681564331055
11.4606741573034,64.468085106383,41.8081550598145
11.6292134831461,64.468085106383,98.988151550293
11.7977528089888,64.468085106383,120.668151855469
11.9662921348315,64.468085106383,104.788154602051
12.1348314606742,64.468085106383,151.276077270508
12.3033707865169,64.468085106383,296.846069335938
12.4719101123596,64.468085106383,292.906066894531
12.6404494382022,64.468085106383,320.036071777344
12.8089887640449,64.468085106383,387.686065673828
12.9775280898876,64.468085106383,525.836059570312
13.1460674157303,64.468085106383,654.467102050781
13.314606741573,64.468085106383,580.467102050781
13.4831460674157,64.468085106383,530.7470703125
13.6516853932584,64.468085106383,512.7470703125
13.8202247191011,64.468085106383,464.637115478516
13.9887640449438,64.468085106383,484.247100830078
14.1573033707865,64.468085106383,503.357086181641
14.3258426966292,64.468085106383,433.819030761719
14.4943820224719,64.468085106383,549.079040527344
14.6629213483146,64.468085106383,551.4990234375
14.8314606741573,64.468085106383,517.879028320312
15,64.468085106383,529.779052734375
0,64.2978723404255,-2509.1474609375
0.168539325842697,64.2978723404255,-2501.15747070312
0.337078651685393,64.2978723404255,-2482.48974609375
0.50561797752809,64.2978723404255,-2475.94970703125
0.674157303370786,64.2978723404255,-2436.32958984375
0.842696629213483,64.2978723404255,-2420.81958007812
1.01123595505618,64.2978723404255,-2441.06958007812
1.17977528089888,64.2978723404255,-2461.1396484375
1.34831460674157,64.2978723404255,-2461.88134765625
1.51685393258427,64.2978723404255,-2433.89135742188
1.68539325842697,64.2978723404255,-2182.271484375
1.85393258426966,64.2978723404255,-2115.46142578125
2.02247191011236,64.2978723404255,-2048.521484375
2.19101123595506,64.2978723404255,-2086.85131835938
2.35955056179775,64.2978723404255,-2036.77697753906
2.52808988764045,64.2978723404255,-1980.11694335938
2.69662921348315,64.2978723404255,-1953.50695800781
2.86516853932584,64.2978723404255,-1967.99694824219
3.03370786516854,64.2978723404255,-1819.81689453125
3.20224719101124,64.2978723404255,-1827.60693359375
3.37078651685393,64.2978723404255,-1797.18688964844
3.53932584269663,64.2978723404255,-1775.41357421875
3.70786516853933,64.2978723404255,-1767.33361816406
3.87640449438202,64.2978723404255,-1637.2236328125
4.04494382022472,64.2978723404255,-1611.34362792969
4.21348314606742,64.2978723404255,-1607.61364746094
4.38202247191011,64.2978723404255,-1445.95361328125
4.55056179775281,64.2978723404255,-1406.50561523438
4.71910112359551,64.2978723404255,-1354.98559570312
4.8876404494382,64.2978723404255,-1294.77563476562
5.0561797752809,64.2978723404255,-1177.45568847656
5.2247191011236,64.2978723404255,-1079.25561523438
5.39325842696629,64.2978723404255,-979.575622558594
5.56179775280899,64.2978723404255,-865.805603027344
5.73033707865169,64.2978723404255,-515.781311035156
5.89887640449438,64.2978723404255,-390.551330566406
6.06741573033708,64.2978723404255,-387.561340332031
6.23595505617978,64.2978723404255,-385.611328125
6.40449438202247,64.2978723404255,-346.061340332031
6.57303370786517,64.2978723404255,-337.651336669922
6.74157303370786,64.2978723404255,-337.111694335938
6.91011235955056,64.2978723404255,-338.381683349609
7.07865168539326,64.2978723404255,-340.001678466797
7.24719101123596,64.2978723404255,-332.341674804688
7.41573033707865,64.2978723404255,-325.511688232422
7.58426966292135,64.2978723404255,-303.621704101562
7.75280898876404,64.2978723404255,-298.825256347656
7.92134831460674,64.2978723404255,-318.935272216797
8.08988764044944,64.2978723404255,-344.725280761719
8.25842696629213,64.2978723404255,-353.295257568359
8.42696629213483,64.2978723404255,-432.475280761719
8.59550561797753,64.2978723404255,-434.305267333984
8.76404494382022,64.2978723404255,-374.915252685547
8.93258426966292,64.2978723404255,-284.582794189453
9.10112359550562,64.2978723404255,-190.02278137207
9.26966292134831,64.2978723404255,-115.872787475586
9.43820224719101,64.2978723404255,-121.612785339355
9.60674157303371,64.2978723404255,-205.242782592773
9.7752808988764,64.2978723404255,-323.712799072266
9.9438202247191,64.2978723404255,-110.684707641602
10.1123595505618,64.2978723404255,-69.4947052001953
10.2808988764045,64.2978723404255,-28.4547061920166
10.4494382022472,64.2978723404255,274.965301513672
10.6179775280899,64.2978723404255,298.855285644531
10.7865168539326,64.2978723404255,344.645294189453
10.9550561797753,64.2978723404255,344.005279541016
11.123595505618,64.2978723404255,250.128128051758
11.2921348314607,64.2978723404255,130.818130493164
11.4606741573034,64.2978723404255,214.968124389648
11.6292134831461,64.2978723404255,268.088134765625
11.7977528089888,64.2978723404255,227.868133544922
11.9662921348315,64.2978723404255,191.238128662109
12.1348314606742,64.2978723404255,209.977508544922
12.3033707865169,64.2978723404255,190.447509765625
12.4719101123596,64.2978723404255,289.617523193359
12.6404494382022,64.2978723404255,404.367523193359
12.8089887640449,64.2978723404255,467.1875
12.9775280898876,64.2978723404255,481.577514648438
13.1460674157303,64.2978723404255,665.586486816406
13.314606741573,64.2978723404255,690.6865234375
13.4831460674157,64.2978723404255,656.986511230469
13.6516853932584,64.2978723404255,634.586486816406
13.8202247191011,64.2978723404255,464.926513671875
13.9887640449438,64.2978723404255,590.286499023438
14.1573033707865,64.2978723404255,706.066528320312
14.3258426966292,64.2978723404255,833.330444335938
14.4943820224719,64.2978723404255,717.080444335938
14.6629213483146,64.2978723404255,652.520446777344
14.8314606741573,64.2978723404255,608.740478515625
15,64.2978723404255,486.800476074219
0,64.1276595744681,-2463.267578125
0.168539325842697,64.1276595744681,-2424.20751953125
0.337078651685393,64.1276595744681,-2407.48974609375
0.50561797752809,64.1276595744681,-2395.43969726562
0.674157303370786,64.1276595744681,-2372.5595703125
0.842696629213483,64.1276595744681,-2336.41967773438
1.01123595505618,64.1276595744681,-2351.68969726562
1.17977528089888,64.1276595744681,-2349.1796875
1.34831460674157,64.1276595744681,-2302.91137695312
1.51685393258427,64.1276595744681,-2252.31127929688
1.68539325842697,64.1276595744681,-2016.18139648438
1.85393258426966,64.1276595744681,-1898.30139160156
2.02247191011236,64.1276595744681,-1861.31140136719
2.19101123595506,64.1276595744681,-1834.29138183594
2.35955056179775,64.1276595744681,-1891.34692382812
2.52808988764045,64.1276595744681,-1897.72692871094
2.69662921348315,64.1276595744681,-1891.54699707031
2.86516853932584,64.1276595744681,-1829.34692382812
3.03370786516854,64.1276595744681,-1739.8369140625
3.20224719101124,64.1276595744681,-1729.29699707031
3.37078651685393,64.1276595744681,-1693.95690917969
3.53932584269663,64.1276595744681,-1660.38366699219
3.70786516853933,64.1276595744681,-1693.04357910156
3.87640449438202,64.1276595744681,-1643.35363769531
4.04494382022472,64.1276595744681,-1533.65368652344
4.21348314606742,64.1276595744681,-1501.24365234375
4.38202247191011,64.1276595744681,-1402.61364746094
4.55056179775281,64.1276595744681,-1355.13562011719
4.71910112359551,64.1276595744681,-1309.50561523438
4.8876404494382,64.1276595744681,-1230.37561035156
5.0561797752809,64.1276595744681,-1065.99560546875
5.2247191011236,64.1276595744681,-970.625610351562
5.39325842696629,64.1276595744681,-882.855651855469
5.56179775280899,64.1276595744681,-789.755615234375
5.73033707865169,64.1276595744681,-558.501342773438
5.89887640449438,64.1276595744681,-412.261322021484
6.06741573033708,64.1276595744681,-310.621337890625
6.23595505617978,64.1276595744681,-326.961334228516
6.40449438202247,64.1276595744681,-327.591339111328
6.57303370786517,64.1276595744681,-322.941314697266
6.74157303370786,64.1276595744681,-327.99169921875
6.91011235955056,64.1276595744681,-335.631683349609
7.07865168539326,64.1276595744681,-332.7216796875
7.24719101123596,64.1276595744681,-326.99169921875
7.41573033707865,64.1276595744681,-290.771697998047
7.58426966292135,64.1276595744681,-290.921691894531
7.75280898876404,64.1276595744681,-293.325256347656
7.92134831460674,64.1276595744681,-296.095275878906
8.08988764044944,64.1276595744681,-337.525268554688
8.25842696629213,64.1276595744681,-377.205261230469
8.42696629213483,64.1276595744681,-331.455261230469
8.59550561797753,64.1276595744681,-234.185272216797
8.76404494382022,64.1276595744681,-135.235260009766
8.93258426966292,64.1276595744681,-94.2427825927734
9.10112359550562,64.1276595744681,-50.8327865600586
9.26966292134831,64.1276595744681,-87.1627883911133
9.43820224719101,64.1276595744681,-210.662780761719
9.60674157303371,64.1276595744681,-338.712799072266
9.7752808988764,64.1276595744681,-232.372787475586
9.9438202247191,64.1276595744681,-41.6847076416016
10.1123595505618,64.1276595744681,47.0852928161621
10.2808988764045,64.1276595744681,198.075286865234
10.4494382022472,64.1276595744681,251.415298461914
10.6179775280899,64.1276595744681,333.115295410156
10.7865168539326,64.1276595744681,423.525299072266
10.9550561797753,64.1276595744681,414.315307617188
11.123595505618,64.1276595744681,311.798126220703
11.2921348314607,64.1276595744681,70.3281326293945
11.4606741573034,64.1276595744681,75.0281295776367
11.6292134831461,64.1276595744681,105.858131408691
11.7977528089888,64.1276595744681,163.678131103516
11.9662921348315,64.1276595744681,285.138122558594
12.1348314606742,64.1276595744681,420.757507324219
12.3033707865169,64.1276595744681,446.337524414062
12.4719101123596,64.1276595744681,639.837524414062
12.6404494382022,64.1276595744681,632.317504882812
12.8089887640449,64.1276595744681,668.837524414062
12.9775280898876,64.1276595744681,543.387512207031
13.1460674157303,64.1276595744681,608.226501464844
13.314606741573,64.1276595744681,775.216491699219
13.4831460674157,64.1276595744681,881.086486816406
13.6516853932584,64.1276595744681,854.766479492188
13.8202247191011,64.1276595744681,664.566528320312
13.9887640449438,64.1276595744681,486.476501464844
14.1573033707865,64.1276595744681,429.156494140625
14.3258426966292,64.1276595744681,484.430480957031
14.4943820224719,64.1276595744681,704.48046875
14.6629213483146,64.1276595744681,733.410461425781
14.8314606741573,64.1276595744681,727.660461425781
15,64.1276595744681,601.930480957031
0,63.9574468085106,-2378.41748046875
0.168539325842697,63.9574468085106,-2385.12744140625
0.337078651685393,63.9574468085106,-2340.85961914062
0.50561797752809,63.9574468085106,-2320.39965820312
0.674157303370786,63.9574468085106,-2302.18969726562
0.842696629213483,63.9574468085106,-2278.37963867188
1.01123595505618,63.9574468085106,-2219.27978515625
1.17977528089888,63.9574468085106,-2165.95971679688
1.34831460674157,63.9574468085106,-2104.26147460938
1.51685393258427,63.9574468085106,-2030.63134765625
1.68539325842697,63.9574468085106,-1836.97131347656
1.85393258426966,63.9574468085106,-1764.42138671875
2.02247191011236,63.9574468085106,-1714.861328125
2.19101123595506,63.9574468085106,-1674.78137207031
2.35955056179775,63.9574468085106,-1592.69689941406
2.52808988764045,63.9574468085106,-1563.96691894531
2.69662921348315,63.9574468085106,-1573.72692871094
2.86516853932584,63.9574468085106,-1563.70690917969
3.03370786516854,63.9574468085106,-1640.9169921875
3.20224719101124,63.9574468085106,-1615.42700195312
3.37078651685393,63.9574468085106,-1625.96691894531
3.53932584269663,63.9574468085106,-1594.85363769531
3.70786516853933,63.9574468085106,-1580.41357421875
3.87640449438202,63.9574468085106,-1600.513671875
4.04494382022472,63.9574468085106,-1583.50366210938
4.21348314606742,63.9574468085106,-1531.34362792969
4.38202247191011,63.9574468085106,-1429.94360351562
4.55056179775281,63.9574468085106,-1340.54565429688
4.71910112359551,63.9574468085106,-1293.40563964844
4.8876404494382,63.9574468085106,-1243.67565917969
5.0561797752809,63.9574468085106,-1050.32568359375
5.2247191011236,63.9574468085106,-940.815612792969
5.39325842696629,63.9574468085106,-833.555603027344
5.56179775280899,63.9574468085106,-723.515625
5.73033707865169,63.9574468085106,-482.421325683594
5.89887640449438,63.9574468085106,-311.611328125
6.06741573033708,63.9574468085106,-237.861328125
6.23595505617978,63.9574468085106,-232.831329345703
6.40449438202247,63.9574468085106,-254.281326293945
6.57303370786517,63.9574468085106,-262.841339111328
6.74157303370786,63.9574468085106,-273.531677246094
6.91011235955056,63.9574468085106,-278.301696777344
7.07865168539326,63.9574468085106,-277.481689453125
7.24719101123596,63.9574468085106,-264.361694335938
7.41573033707865,63.9574468085106,-238.971694946289
7.58426966292135,63.9574468085106,-245.041687011719
7.75280898876404,63.9574468085106,-257.435272216797
7.92134831460674,63.9574468085106,-304.425262451172
8.08988764044944,63.9574468085106,-313.795257568359
8.25842696629213,63.9574468085106,-288.425262451172
8.42696629213483,63.9574468085106,-90.1552658081055
8.59550561797753,63.9574468085106,-60.3852691650391
8.76404494382022,63.9574468085106,-28.3552665710449
8.93258426966292,63.9574468085106,-33.5927848815918
9.10112359550562,63.9574468085106,-145.93278503418
9.26966292134831,63.9574468085106,-275.052795410156
9.43820224719101,63.9574468085106,-358.132781982422
9.60674157303371,63.9574468085106,-219.422790527344
9.7752808988764,63.9574468085106,-73.7627868652344
9.9438202247191,63.9574468085106,-17.4547061920166
10.1123595505618,63.9574468085106,108.745292663574
10.2808988764045,63.9574468085106,148.405288696289
10.4494382022472,63.9574468085106,302.305297851562
10.6179775280899,63.9574468085106,419.735290527344
10.7865168539326,63.9574468085106,423.255279541016
10.9550561797753,63.9574468085106,300.395294189453
11.123595505618,63.9574468085106,-40.9218673706055
11.2921348314607,63.9574468085106,34.5481300354004
11.4606741573034,63.9574468085106,40.8881301879883
11.6292134831461,63.9574468085106,119.738128662109
11.7977528089888,63.9574468085106,309.688140869141
11.9662921348315,63.9574468085106,341.998138427734
12.1348314606742,63.9574468085106,361.1875
12.3033707865169,63.9574468085106,519.847534179688
12.4719101123596,63.9574468085106,676.137512207031
12.6404494382022,63.9574468085106,620.907531738281
12.8089887640449,63.9574468085106,636.557495117188
12.9775280898876,63.9574468085106,465.907501220703
13.1460674157303,63.9574468085106,821.586486816406
13.314606741573,63.9574468085106,776.6865234375
13.4831460674157,63.9574468085106,799.946533203125
13.6516853932584,63.9574468085106,900.426513671875
13.8202247191011,63.9574468085106,738.276489257812
13.9887640449438,63.9574468085106,548.426513671875
14.1573033707865,63.9574468085106,477.006500244141
14.3258426966292,63.9574468085106,397.890472412109
14.4943820224719,63.9574468085106,500.210479736328
14.6629213483146,63.9574468085106,595.970458984375
14.8314606741573,63.9574468085106,538.190490722656
15,63.9574468085106,500.140472412109
0,63.7872340425532,-2265.6474609375
0.168539325842697,63.7872340425532,-2292.65747070312
0.337078651685393,63.7872340425532,-2248.349609375
0.50561797752809,63.7872340425532,-2228.32958984375
0.674157303370786,63.7872340425532,-2232.1396484375
0.842696629213483,63.7872340425532,-2195.78955078125
1.01123595505618,63.7872340425532,-2145.11962890625
1.17977528089888,63.7872340425532,-2048.74975585938
1.34831460674157,63.7872340425532,-1925.87133789062
1.51685393258427,63.7872340425532,-1855.69140625
1.68539325842697,63.7872340425532,-1723.44140625
1.85393258426966,63.7872340425532,-1667.85131835938
2.02247191011236,63.7872340425532,-1616.74133300781
2.19101123595506,63.7872340425532,-1573.23132324219
2.35955056179775,63.7872340425532,-1512.52697753906
2.52808988764045,63.7872340425532,-1448.06689453125
2.69662921348315,63.7872340425532,-1417.18688964844
2.86516853932584,63.7872340425532,-1400.84692382812
3.03370786516854,63.7872340425532,-1368.03698730469
3.20224719101124,63.7872340425532,-1491.79699707031
3.37078651685393,63.7872340425532,-1567.80688476562
3.53932584269663,63.7872340425532,-1470.85363769531
3.70786516853933,63.7872340425532,-1473.83361816406
3.87640449438202,63.7872340425532,-1482.99365234375
4.04494382022472,63.7872340425532,-1513.24365234375
4.21348314606742,63.7872340425532,-1484.39367675781
4.38202247191011,63.7872340425532,-1439.88366699219
4.55056179775281,63.7872340425532,-1407.34558105469
4.71910112359551,63.7872340425532,-1358.3056640625
4.8876404494382,63.7872340425532,-1261.57568359375
5.0561797752809,63.7872340425532,-982.415649414062
5.2247191011236,63.7872340425532,-870.865600585938
5.39325842696629,63.7872340425532,-718.005615234375
5.56179775280899,63.7872340425532,-591.875610351562
5.73033707865169,63.7872340425532,-332.221313476562
5.89887640449438,63.7872340425532,-244.031326293945
6.06741573033708,63.7872340425532,-247.191329956055
6.23595505617978,63.7872340425532,-240.211334228516
6.40449438202247,63.7872340425532,-236.721328735352
6.57303370786517,63.7872340425532,-228.331329345703
6.74157303370786,63.7872340425532,-224.341690063477
6.91011235955056,63.7872340425532,-219.021682739258
7.07865168539326,63.7872340425532,-201.431686401367
7.24719101123596,63.7872340425532,-175.491683959961
7.41573033707865,63.7872340425532,-175.621688842773
7.58426966292135,63.7872340425532,-185.781692504883
7.75280898876404,63.7872340425532,-238.9052734375
7.92134831460674,63.7872340425532,-253.775268554688
8.08988764044944,63.7872340425532,-225.005264282227
8.25842696629213,63.7872340425532,-158.555267333984
8.42696629213483,63.7872340425532,-32.4752655029297
8.59550561797753,63.7872340425532,-18.8952674865723
8.76404494382022,63.7872340425532,-14.6252670288086
8.93258426966292,63.7872340425532,-31.4027862548828
9.10112359550562,63.7872340425532,-244.642791748047
9.26966292134831,63.7872340425532,-343.722778320312
9.43820224719101,63.7872340425532,-155.692779541016
9.60674157303371,63.7872340425532,-60.5927848815918
9.7752808988764,63.7872340425532,68.6072158813477
9.9438202247191,63.7872340425532,99.3352966308594
10.1123595505618,63.7872340425532,151.17529296875
10.2808988764045,63.7872340425532,221.665298461914
10.4494382022472,63.7872340425532,348.545288085938
10.6179775280899,63.7872340425532,305.005279541016
10.7865168539326,63.7872340425532,226.235290527344
10.9550561797753,63.7872340425532,240.165298461914
11.123595505618,63.7872340425532,-82.4618682861328
11.2921348314607,63.7872340425532,-80.9318695068359
11.4606741573034,63.7872340425532,21.1181316375732
11.6292134831461,63.7872340425532,125.518135070801
11.7977528089888,63.7872340425532,251.048126220703
11.9662921348315,63.7872340425532,331.518127441406
12.1348314606742,63.7872340425532,430.247497558594
12.3033707865169,63.7872340425532,468.407501220703
12.4719101123596,63.7872340425532,489.4375
12.6404494382022,63.7872340425532,691.427490234375
12.8089887640449,63.7872340425532,770.557495117188
12.9775280898876,63.7872340425532,558.007507324219
13.1460674157303,63.7872340425532,547.196533203125
13.314606741573,63.7872340425532,711.356506347656
13.4831460674157,63.7872340425532,622.876525878906
13.6516853932584,63.7872340425532,711.396484375
13.8202247191011,63.7872340425532,642.586486816406
13.9887640449438,63.7872340425532,712.296508789062
14.1573033707865,63.7872340425532,585.506530761719
14.3258426966292,63.7872340425532,589.240478515625
14.4943820224719,63.7872340425532,379.850463867188
14.6629213483146,63.7872340425532,360.760467529297
14.8314606741573,63.7872340425532,399.340484619141
15,63.7872340425532,370.870483398438
0,63.6170212765957,-2050.90747070312
0.168539325842697,63.6170212765957,-2017.96752929688
0.337078651685393,63.6170212765957,-1981.3896484375
0.50561797752809,63.6170212765957,-1948.33972167969
0.674157303370786,63.6170212765957,-1896.87963867188
0.842696629213483,63.6170212765957,-1857.30969238281
1.01123595505618,63.6170212765957,-1756.03967285156
1.17977528089888,63.6170212765957,-1678.26965332031
1.34831460674157,63.6170212765957,-1613.79138183594
1.51685393258427,63.6170212765957,-1544.55139160156
1.68539325842697,63.6170212765957,-1447.27136230469
1.85393258426966,63.6170212765957,-1424.78137207031
2.02247191011236,63.6170212765957,-1398.27136230469
2.19101123595506,63.6170212765957,-1377.34130859375
2.35955056179775,63.6170212765957,-1335.21691894531
2.52808988764045,63.6170212765957,-1323.79699707031
2.69662921348315,63.6170212765957,-1298.5869140625
2.86516853932584,63.6170212765957,-1278.72692871094
3.03370786516854,63.6170212765957,-1242.97692871094
3.20224719101124,63.6170212765957,-1258.03698730469
3.37078651685393,63.6170212765957,-1288.79699707031
3.53932584269663,63.6170212765957,-1332.32360839844
3.70786516853933,63.6170212765957,-1337.93359375
3.87640449438202,63.6170212765957,-1350.29357910156
4.04494382022472,63.6170212765957,-1351.92358398438
4.21348314606742,63.6170212765957,-1344.11364746094
4.38202247191011,63.6170212765957,-1276.44360351562
4.55056179775281,63.6170212765957,-1231.18566894531
4.71910112359551,63.6170212765957,-1238.58557128906
4.8876404494382,63.6170212765957,-1223.85559082031
5.0561797752809,63.6170212765957,-1105.70568847656
5.2247191011236,63.6170212765957,-989.665649414062
5.39325842696629,63.6170212765957,-865.695617675781
5.56179775280899,63.6170212765957,-723.045654296875
5.73033707865169,63.6170212765957,-286.361328125
5.89887640449438,63.6170212765957,-257.511322021484
6.06741573033708,63.6170212765957,-258.091339111328
6.23595505617978,63.6170212765957,-257.751342773438
6.40449438202247,63.6170212765957,-262.651336669922
6.57303370786517,63.6170212765957,-270.731323242188
6.74157303370786,63.6170212765957,-278.231689453125
6.91011235955056,63.6170212765957,-284.651702880859
7.07865168539326,63.6170212765957,-304.321685791016
7.24719101123596,63.6170212765957,-318.701690673828
7.41573033707865,63.6170212765957,-308.911682128906
7.58426966292135,63.6170212765957,-270.941680908203
7.75280898876404,63.6170212765957,-104.955268859863
7.92134831460674,63.6170212765957,-99.0052642822266
8.08988764044944,63.6170212765957,-123.765266418457
8.25842696629213,63.6170212765957,-143.705261230469
8.42696629213483,63.6170212765957,53.6547317504883
8.59550561797753,63.6170212765957,61.4647331237793
8.76404494382022,63.6170212765957,91.9047317504883
8.93258426966292,63.6170212765957,55.7372131347656
9.10112359550562,63.6170212765957,-8.53278541564941
9.26966292134831,63.6170212765957,-14.4527854919434
9.43820224719101,63.6170212765957,49.8672142028809
9.60674157303371,63.6170212765957,151.927215576172
9.7752808988764,63.6170212765957,-38.9427871704102
9.9438202247191,63.6170212765957,-131.07470703125
10.1123595505618,63.6170212765957,55.1152954101562
10.2808988764045,63.6170212765957,-109.244705200195
10.4494382022472,63.6170212765957,-179.254699707031
10.6179775280899,63.6170212765957,-112.284706115723
10.7865168539326,63.6170212765957,-23.6147060394287
10.9550561797753,63.6170212765957,83.8752975463867
11.123595505618,63.6170212765957,228.00813293457
11.2921348314607,63.6170212765957,276.678131103516
11.4606741573034,63.6170212765957,345.248138427734
11.6292134831461,63.6170212765957,444.478118896484
11.7977528089888,63.6170212765957,514.278137207031
11.9662921348315,63.6170212765957,555.468139648438
12.1348314606742,63.6170212765957,739.547485351562
12.3033707865169,63.6170212765957,699.607482910156
12.4719101123596,63.6170212765957,616.827514648438
12.6404494382022,63.6170212765957,561.697509765625
12.8089887640449,63.6170212765957,539.157531738281
12.9775280898876,63.6170212765957,657.177490234375
13.1460674157303,63.6170212765957,541.496520996094
13.314606741573,63.6170212765957,560.986511230469
13.4831460674157,63.6170212765957,520.316528320312
13.6516853932584,63.6170212765957,447.176513671875
13.8202247191011,63.6170212765957,415.346496582031
13.9887640449438,63.6170212765957,400.576507568359
14.1573033707865,63.6170212765957,422.086517333984
14.3258426966292,63.6170212765957,391.580474853516
14.4943820224719,63.6170212765957,375.390472412109
14.6629213483146,63.6170212765957,411.890472412109
14.8314606741573,63.6170212765957,320.570465087891
15,63.6170212765957,395.740478515625
0,63.4468085106383,-1924.21752929688
0.168539325842697,63.4468085106383,-1869.86755371094
0.337078651685393,63.4468085106383,-1800.00964355469
0.50561797752809,63.4468085106383,-1764.8896484375
0.674157303370786,63.4468085106383,-1746.05969238281
0.842696629213483,63.4468085106383,-1667.70971679688
1.01123595505618,63.4468085106383,-1571.56970214844
1.17977528089888,63.4468085106383,-1511.48962402344
1.34831460674157,63.4468085106383,-1449.45141601562
1.51685393258427,63.4468085106383,-1403.27136230469
1.68539325842697,63.4468085106383,-1335.97131347656
1.85393258426966,63.4468085106383,-1298.03137207031
2.02247191011236,63.4468085106383,-1287.00134277344
2.19101123595506,63.4468085106383,-1268.21142578125
2.35955056179775,63.4468085106383,-1221.52697753906
2.52808988764045,63.4468085106383,-1220.54699707031
2.69662921348315,63.4468085106383,-1208.23693847656
2.86516853932584,63.4468085106383,-1188.46691894531
3.03370786516854,63.4468085106383,-1160.4169921875
3.20224719101124,63.4468085106383,-1150.84692382812
3.37078651685393,63.4468085106383,-1183.97692871094
3.53932584269663,63.4468085106383,-1212.23364257812
3.70786516853933,63.4468085106383,-1269.04357910156
3.87640449438202,63.4468085106383,-1276.03369140625
4.04494382022472,63.4468085106383,-1294.07360839844
4.21348314606742,63.4468085106383,-1289.15368652344
4.38202247191011,63.4468085106383,-1247.65368652344
4.55056179775281,63.4468085106383,-1219.94567871094
4.71910112359551,63.4468085106383,-1188.11560058594
4.8876404494382,63.4468085106383,-1163.40563964844
5.0561797752809,63.4468085106383,-1085.3056640625
5.2247191011236,63.4468085106383,-905.365600585938
5.39325842696629,63.4468085106383,-756.485656738281
5.56179775280899,63.4468085106383,-607.545654296875
5.73033707865169,63.4468085106383,-264.731323242188
5.89887640449438,63.4468085106383,-271.891326904297
6.06741573033708,63.4468085106383,-268.801330566406
6.23595505617978,63.4468085106383,-260.161315917969
6.40449438202247,63.4468085106383,-249.881332397461
6.57303370786517,63.4468085106383,-252.581329345703
6.74157303370786,63.4468085106383,-247.31169128418
6.91011235955056,63.4468085106383,-227.06169128418
7.07865168539326,63.4468085106383,-213.021682739258
7.24719101123596,63.4468085106383,-197.371688842773
7.41573033707865,63.4468085106383,-218.321685791016
7.58426966292135,63.4468085106383,-226.441696166992
7.75280898876404,63.4468085106383,-0.725267350673676
7.92134831460674,63.4468085106383,10.5447330474854
8.08988764044944,63.4468085106383,21.7647323608398
8.25842696629213,63.4468085106383,-33.6052665710449
8.42696629213483,63.4468085106383,-26.2552680969238
8.59550561797753,63.4468085106383,-0.375267326831818
8.76404494382022,63.4468085106383,26.064733505249
8.93258426966292,63.4468085106383,82.7372131347656
9.10112359550562,63.4468085106383,26.8472137451172
9.26966292134831,63.4468085106383,88.6772155761719
9.43820224719101,63.4468085106383,278.857208251953
9.60674157303371,63.4468085106383,305.967224121094
9.7752808988764,63.4468085106383,313.367218017578
9.9438202247191,63.4468085106383,15.655294418335
10.1123595505618,63.4468085106383,-224.544708251953
10.2808988764045,63.4468085106383,120.295295715332
10.4494382022472,63.4468085106383,102.825294494629
10.6179775280899,63.4468085106383,117.495292663574
10.7865168539326,63.4468085106383,143.945297241211
10.9550561797753,63.4468085106383,176.155288696289
11.123595505618,63.4468085106383,317.398132324219
11.2921348314607,63.4468085106383,352.468139648438
11.4606741573034,63.4468085106383,447.608123779297
11.6292134831461,63.4468085106383,606.918151855469
11.7977528089888,63.4468085106383,399.288146972656
11.9662921348315,63.4468085106383,548.288146972656
12.1348314606742,63.4468085106383,704.047485351562
12.3033707865169,63.4468085106383,715.797485351562
12.4719101123596,63.4468085106383,675.127502441406
12.6404494382022,63.4468085106383,530.317504882812
12.8089887640449,63.4468085106383,517.037536621094
12.9775280898876,63.4468085106383,573.95751953125
13.1460674157303,63.4468085106383,663.766479492188
13.314606741573,63.4468085106383,473.276519775391
13.4831460674157,63.4468085106383,466.956512451172
13.6516853932584,63.4468085106383,476.826507568359
13.8202247191011,63.4468085106383,402.566497802734
13.9887640449438,63.4468085106383,405.626495361328
14.1573033707865,63.4468085106383,347.826507568359
14.3258426966292,63.4468085106383,341.000457763672
14.4943820224719,63.4468085106383,320.560485839844
14.6629213483146,63.4468085106383,331.260467529297
14.8314606741573,63.4468085106383,336.740478515625
15,63.4468085106383,338.340484619141
0,63.2765957446808,-1777.40258789062
0.168539325842697,63.2765957446808,-1736.54260253906
0.337078651685393,63.2765957446808,-1649.28259277344
0.50561797752809,63.2765957446808,-1575.32250976562
0.674157303370786,63.2765957446808,-1537.77258300781
0.842696629213483,63.2765957446808,-1508.32250976562
1.01123595505618,63.2765957446808,-1421.02258300781
1.17977528089888,63.2765957446808,-1335.67260742188
1.34831460674157,63.2765957446808,-1303.38989257812
1.51685393258427,63.2765957446808,-1278.45983886719
1.68539325842697,63.2765957446808,-1226.96984863281
1.85393258426966,63.2765957446808,-1203.79992675781
2.02247191011236,63.2765957446808,-1172.47985839844
2.19101123595506,63.2765957446808,-1150.29992675781
2.35955056179775,63.2765957446808,-1112.26904296875
2.52808988764045,63.2765957446808,-1099.17907714844
2.69662921348315,63.2765957446808,-1099.84899902344
2.86516853932584,63.2765957446808,-1084.67907714844
3.03370786516854,63.2765957446808,-1046.9990234375
3.20224719101124,63.2765957446808,-1060.2890625
3.37078651685393,63.2765957446808,-1080.2890625
3.53932584269663,63.2765957446808,-1096.35363769531
3.70786516853933,63.2765957446808,-1136.08361816406
3.87640449438202,63.2765957446808,-1161.71362304688
4.04494382022472,63.2765957446808,-1175.09362792969
4.21348314606742,63.2765957446808,-1189.50366210938
4.38202247191011,63.2765957446808,-1159.23364257812
4.55056179775281,63.2765957446808,-1115.53771972656
4.71910112359551,63.2765957446808,-1089.14770507812
4.8876404494382,63.2765957446808,-1042.20776367188
5.0561797752809,63.2765957446808,-888.1376953125
5.2247191011236,63.2765957446808,-653.8876953125
5.39325842696629,63.2765957446808,-367.747711181641
5.56179775280899,63.2765957446808,-191.237716674805
5.73033707865169,63.2765957446808,-161.726943969727
5.89887640449438,63.2765957446808,-162.136932373047
6.06741573033708,63.2765957446808,-157.246932983398
6.23595505617978,63.2765957446808,-154.69694519043
6.40449438202247,63.2765957446808,-172.686935424805
6.57303370786517,63.2765957446808,-190.706939697266
6.74157303370786,63.2765957446808,-195.232482910156
6.91011235955056,63.2765957446808,-196.852478027344
7.07865168539326,63.2765957446808,-135.102478027344
7.24719101123596,63.2765957446808,-106.502479553223
7.41573033707865,63.2765957446808,-105.002479553223
7.58426966292135,63.2765957446808,-144.342483520508
7.75280898876404,63.2765957446808,-40.8794479370117
7.92134831460674,63.2765957446808,-39.1694488525391
8.08988764044944,63.2765957446808,-13.3694496154785
8.25842696629213,63.2765957446808,-25.8794498443604
8.42696629213483,63.2765957446808,85.2105484008789
8.59550561797753,63.2765957446808,198.870544433594
8.76404494382022,63.2765957446808,406.720550537109
8.93258426966292,63.2765957446808,398.494995117188
9.10112359550562,63.2765957446808,233.955001831055
9.26966292134831,63.2765957446808,421.274993896484
9.43820224719101,63.2765957446808,467.605010986328
9.60674157303371,63.2765957446808,435.584991455078
9.7752808988764,63.2765957446808,161.904998779297
9.9438202247191,63.2765957446808,277.308563232422
10.1123595505618,63.2765957446808,204.228561401367
10.2808988764045,63.2765957446808,153.758560180664
10.4494382022472,63.2765957446808,252.478561401367
10.6179775280899,63.2765957446808,362.548553466797
10.7865168539326,63.2765957446808,363.718566894531
10.9550561797753,63.2765957446808,340.408569335938
11.123595505618,63.2765957446808,347.884979248047
11.2921348314607,63.2765957446808,534.974975585938
11.4606741573034,63.2765957446808,716.3349609375
11.6292134831461,63.2765957446808,748.014953613281
11.7977528089888,63.2765957446808,659.815002441406
11.9662921348315,63.2765957446808,737.654968261719
12.1348314606742,63.2765957446808,713.605102539062
12.3033707865169,63.2765957446808,667.945068359375
12.4719101123596,63.2765957446808,597.965087890625
12.6404494382022,63.2765957446808,569.705078125
12.8089887640449,63.2765957446808,630.93505859375
12.9775280898876,63.2765957446808,713.085083007812
13.1460674157303,63.2765957446808,601.502502441406
13.314606741573,63.2765957446808,504.732513427734
13.4831460674157,63.2765957446808,495.862487792969
13.6516853932584,63.2765957446808,481.502502441406
13.8202247191011,63.2765957446808,374.022491455078
13.9887640449438,63.2765957446808,332.572509765625
14.1573033707865,63.2765957446808,306.592498779297
14.3258426966292,63.2765957446808,296.540161132812
14.4943820224719,63.2765957446808,313.880157470703
14.6629213483146,63.2765957446808,322.250183105469
14.8314606741573,63.2765957446808,348.650177001953
15,63.2765957446808,325.450164794922
0,63.1063829787234,-1562.97253417969
0.168539325842697,63.1063829787234,-1542.47253417969
0.337078651685393,63.1063829787234,-1482.75256347656
0.50561797752809,63.1063829787234,-1441.33251953125
0.674157303370786,63.1063829787234,-1386.90258789062
0.842696629213483,63.1063829787234,-1348.72253417969
1.01123595505618,63.1063829787234,-1271.43249511719
1.17977528089888,63.1063829787234,-1233.49255371094
1.34831460674157,63.1063829787234,-1190.84985351562
1.51685393258427,63.1063829787234,-1170.52990722656
1.68539325842697,63.1063829787234,-1113.00988769531
1.85393258426966,63.1063829787234,-1080.47985839844
2.02247191011236,63.1063829787234,-1056.01989746094
2.19101123595506,63.1063829787234,-1036.669921875
2.35955056179775,63.1063829787234,-1012.06903076172
2.52808988764045,63.1063829787234,-989.189025878906
2.69662921348315,63.1063829787234,-994.149047851562
2.86516853932584,63.1063829787234,-975.399047851562
3.03370786516854,63.1063829787234,-940.799072265625
3.20224719101124,63.1063829787234,-948.009033203125
3.37078651685393,63.1063829787234,-966.659057617188
3.53932584269663,63.1063829787234,-984.443664550781
3.70786516853933,63.1063829787234,-1009.91363525391
3.87640449438202,63.1063829787234,-1003.20367431641
4.04494382022472,63.1063829787234,-1011.24365234375
4.21348314606742,63.1063829787234,-1007.87365722656
4.38202247191011,63.1063829787234,-979.24365234375
4.55056179775281,63.1063829787234,-924.90771484375
4.71910112359551,63.1063829787234,-832.937744140625
4.8876404494382,63.1063829787234,-732.257690429688
5.0561797752809,63.1063829787234,-536.787719726562
5.2247191011236,63.1063829787234,-419.397705078125
5.39325842696629,63.1063829787234,-241.757720947266
5.56179775280899,63.1063829787234,-175.187713623047
5.73033707865169,63.1063829787234,-187.016937255859
5.89887640449438,63.1063829787234,-170.556945800781
6.06741573033708,63.1063829787234,-143.916946411133
6.23595505617978,63.1063829787234,-114.136940002441
6.40449438202247,63.1063829787234,-75.116943359375
6.57303370786517,63.1063829787234,-82.4069366455078
6.74157303370786,63.1063829787234,-117.87247467041
6.91011235955056,63.1063829787234,-132.632476806641
7.07865168539326,63.1063829787234,-114.742477416992
7.24719101123596,63.1063829787234,-68.6424789428711
7.41573033707865,63.1063829787234,-85.5824813842773
7.58426966292135,63.1063829787234,-65.9324798583984
7.75280898876404,63.1063829787234,-34.2394485473633
7.92134831460674,63.1063829787234,-86.5294494628906
8.08988764044944,63.1063829787234,97.2905502319336
8.25842696629213,63.1063829787234,72.060546875
8.42696629213483,63.1063829787234,246.99055480957
8.59550561797753,63.1063829787234,202.230545043945
8.76404494382022,63.1063829787234,388.250549316406
8.93258426966292,63.1063829787234,425.045013427734
9.10112359550562,63.1063829787234,564.885009765625
9.26966292134831,63.1063829787234,437.505004882812
9.43820224719101,63.1063829787234,421.415008544922
9.60674157303371,63.1063829787234,340.174987792969
9.7752808988764,63.1063829787234,302.984985351562
9.9438202247191,63.1063829787234,366.2685546875
10.1123595505618,63.1063829787234,323.658569335938
10.2808988764045,63.1063829787234,245.308563232422
10.4494382022472,63.1063829787234,464.968566894531
10.6179775280899,63.1063829787234,557.808532714844
10.7865168539326,63.1063829787234,654.868530273438
10.9550561797753,63.1063829787234,547.218566894531
11.123595505618,63.1063829787234,522.284973144531
11.2921348314607,63.1063829787234,464.10498046875
11.4606741573034,63.1063829787234,518.644958496094
11.6292134831461,63.1063829787234,691.794982910156
11.7977528089888,63.1063829787234,807.945007324219
11.9662921348315,63.1063829787234,809.464965820312
12.1348314606742,63.1063829787234,789.175048828125
12.3033707865169,63.1063829787234,920.535095214844
12.4719101123596,63.1063829787234,977.305053710938
12.6404494382022,63.1063829787234,1064.89501953125
12.8089887640449,63.1063829787234,1004.73510742188
12.9775280898876,63.1063829787234,714.575073242188
13.1460674157303,63.1063829787234,697.032470703125
13.314606741573,63.1063829787234,816.272521972656
13.4831460674157,63.1063829787234,749.882507324219
13.6516853932584,63.1063829787234,683.602478027344
13.8202247191011,63.1063829787234,671.972473144531
13.9887640449438,63.1063829787234,468.652496337891
14.1573033707865,63.1063829787234,388.672485351562
14.3258426966292,63.1063829787234,322.520172119141
14.4943820224719,63.1063829787234,328.350158691406
14.6629213483146,63.1063829787234,378.360168457031
14.8314606741573,63.1063829787234,360.420166015625
15,63.1063829787234,379.140167236328
0,62.936170212766,-1266.1025390625
0.168539325842697,62.936170212766,-1232.3525390625
0.337078651685393,62.936170212766,-1170.05249023438
0.50561797752809,62.936170212766,-1138.09252929688
0.674157303370786,62.936170212766,-1113.392578125
0.842696629213483,62.936170212766,-1098.3525390625
1.01123595505618,62.936170212766,-1018.87255859375
1.17977528089888,62.936170212766,-1002.30255126953
1.34831460674157,62.936170212766,-979.729919433594
1.51685393258427,62.936170212766,-947.679870605469
1.68539325842697,62.936170212766,-882.049865722656
1.85393258426966,62.936170212766,-866.789916992188
2.02247191011236,62.936170212766,-845.279907226562
2.19101123595506,62.936170212766,-815.289916992188
2.35955056179775,62.936170212766,-784.199035644531
2.52808988764045,62.936170212766,-764.489013671875
2.69662921348315,62.936170212766,-742.969055175781
2.86516853932584,62.936170212766,-719.559020996094
3.03370786516854,62.936170212766,-683.399047851562
3.20224719101124,62.936170212766,-687.159057617188
3.37078651685393,62.936170212766,-701.229064941406
3.53932584269663,62.936170212766,-739.233642578125
3.70786516853933,62.936170212766,-757.503662109375
3.87640449438202,62.936170212766,-729.573669433594
4.04494382022472,62.936170212766,-693.663635253906
4.21348314606742,62.936170212766,-658.393676757812
4.38202247191011,62.936170212766,-502.173675537109
4.55056179775281,62.936170212766,-379.097717285156
4.71910112359551,62.936170212766,-300.027709960938
4.8876404494382,62.936170212766,-236.567718505859
5.0561797752809,62.936170212766,-127.377716064453
5.2247191011236,62.936170212766,-103.887718200684
5.39325842696629,62.936170212766,-97.2277221679688
5.56179775280899,62.936170212766,-104.367721557617
5.73033707865169,62.936170212766,-148.626937866211
5.89887640449438,62.936170212766,-120.726936340332
6.06741573033708,62.936170212766,-127.746940612793
6.23595505617978,62.936170212766,-148.69694519043
6.40449438202247,62.936170212766,-82.6969375610352
6.57303370786517,62.936170212766,-49.5169410705566
6.74157303370786,62.936170212766,-70.8524780273438
6.91011235955056,62.936170212766,-28.7224788665771
7.07865168539326,62.936170212766,108.527519226074
7.24719101123596,62.936170212766,261.647521972656
7.41573033707865,62.936170212766,295.007507324219
7.58426966292135,62.936170212766,301.837524414062
7.75280898876404,62.936170212766,279.660552978516
7.92134831460674,62.936170212766,315.760559082031
8.08988764044944,62.936170212766,216.980545043945
8.25842696629213,62.936170212766,68.9105529785156
8.42696629213483,62.936170212766,114.150550842285
8.59550561797753,62.936170212766,359.480560302734
8.76404494382022,62.936170212766,528.310546875
8.93258426966292,62.936170212766,805.594970703125
9.10112359550562,62.936170212766,835.125
9.26966292134831,62.936170212766,820.864990234375
9.43820224719101,62.936170212766,986.424987792969
9.60674157303371,62.936170212766,827.945007324219
9.7752808988764,62.936170212766,571.484985351562
9.9438202247191,62.936170212766,637.378540039062
10.1123595505618,62.936170212766,526.5185546875
10.2808988764045,62.936170212766,577.418579101562
10.4494382022472,62.936170212766,606.328552246094
10.6179775280899,62.936170212766,736.228576660156
10.7865168539326,62.936170212766,717.24853515625
10.9550561797753,62.936170212766,836.0185546875
11.123595505618,62.936170212766,654.885009765625
11.2921348314607,62.936170212766,673.424987792969
11.4606741573034,62.936170212766,767.164978027344
11.6292134831461,62.936170212766,950.804992675781
11.7977528089888,62.936170212766,835.864990234375
11.9662921348315,62.936170212766,841.125
12.1348314606742,62.936170212766,1159.26513671875
12.3033707865169,62.936170212766,1026.21508789062
12.4719101123596,62.936170212766,1076.4150390625
12.6404494382022,62.936170212766,946.865051269531
12.8089887640449,62.936170212766,846.675048828125
12.9775280898876,62.936170212766,873.135070800781
13.1460674157303,62.936170212766,684.952514648438
13.314606741573,62.936170212766,653.002502441406
13.4831460674157,62.936170212766,627.742492675781
13.6516853932584,62.936170212766,669.532470703125
13.8202247191011,62.936170212766,718.852478027344
13.9887640449438,62.936170212766,670.642517089844
14.1573033707865,62.936170212766,598.142517089844
14.3258426966292,62.936170212766,532.190185546875
14.4943820224719,62.936170212766,307.300170898438
14.6629213483146,62.936170212766,336.220184326172
14.8314606741573,62.936170212766,356.200164794922
15,62.936170212766,371.850158691406
0,62.7659574468085,-1179.54260253906
0.168539325842697,62.7659574468085,-1127.76257324219
0.337078651685393,62.7659574468085,-1037.65258789062
0.50561797752809,62.7659574468085,-1012.99255371094
0.674157303370786,62.7659574468085,-993.762573242188
0.842696629213483,62.7659574468085,-979.732543945312
1.01123595505618,62.7659574468085,-917.37255859375
1.17977528089888,62.7659574468085,-891.8525390625
1.34831460674157,62.7659574468085,-863.489868164062
1.51685393258427,62.7659574468085,-835.749877929688
1.68539325842697,62.7659574468085,-773.64990234375
1.85393258426966,62.7659574468085,-746.539916992188
2.02247191011236,62.7659574468085,-720.319885253906
2.19101123595506,62.7659574468085,-696.169921875
2.35955056179775,62.7659574468085,-656.339050292969
2.52808988764045,62.7659574468085,-636.079040527344
2.69662921348315,62.7659574468085,-610.259033203125
2.86516853932584,62.7659574468085,-580.219055175781
3.03370786516854,62.7659574468085,-542.4990234375
3.20224719101124,62.7659574468085,-525.419067382812
3.37078651685393,62.7659574468085,-515.869018554688
3.53932584269663,62.7659574468085,-535.633666992188
3.70786516853933,62.7659574468085,-530.603637695312
3.87640449438202,62.7659574468085,-477.423675537109
4.04494382022472,62.7659574468085,-404.103668212891
4.21348314606742,62.7659574468085,-327.673675537109
4.38202247191011,62.7659574468085,-208.543655395508
4.55056179775281,62.7659574468085,-194.777725219727
4.71910112359551,62.7659574468085,-170.567718505859
4.8876404494382,62.7659574468085,-130.717712402344
5.0561797752809,62.7659574468085,-117.847717285156
5.2247191011236,62.7659574468085,-105.817718505859
5.39325842696629,62.7659574468085,-98.0877227783203
5.56179775280899,62.7659574468085,-93.9377212524414
5.73033707865169,62.7659574468085,-158.006942749023
5.89887640449438,62.7659574468085,-125.106941223145
6.06741573033708,62.7659574468085,-63.0069389343262
6.23595505617978,62.7659574468085,-32.3569412231445
6.40449438202247,62.7659574468085,-28.4769401550293
6.57303370786517,62.7659574468085,-53.2869415283203
6.74157303370786,62.7659574468085,34.3975219726562
6.91011235955056,62.7659574468085,79.3075256347656
7.07865168539326,62.7659574468085,59.2875213623047
7.24719101123596,62.7659574468085,56.6675224304199
7.41573033707865,62.7659574468085,89.5475234985352
7.58426966292135,62.7659574468085,124.567520141602
7.75280898876404,62.7659574468085,314.220550537109
7.92134831460674,62.7659574468085,263.870544433594
8.08988764044944,62.7659574468085,274.040557861328
8.25842696629213,62.7659574468085,607.630554199219
8.42696629213483,62.7659574468085,274.560546875
8.59550561797753,62.7659574468085,706.320556640625
8.76404494382022,62.7659574468085,800.840576171875
8.93258426966292,62.7659574468085,911.474975585938
9.10112359550562,62.7659574468085,984.614990234375
9.26966292134831,62.7659574468085,1128.45495605469
9.43820224719101,62.7659574468085,1000.91497802734
9.60674157303371,62.7659574468085,952.364990234375
9.7752808988764,62.7659574468085,925.085021972656
9.9438202247191,62.7659574468085,610.78857421875
10.1123595505618,62.7659574468085,647.068542480469
10.2808988764045,62.7659574468085,819.588562011719
10.4494382022472,62.7659574468085,921.878540039062
10.6179775280899,62.7659574468085,922.458557128906
10.7865168539326,62.7659574468085,1019.00854492188
10.9550561797753,62.7659574468085,970.198547363281
11.123595505618,62.7659574468085,863.024963378906
11.2921348314607,62.7659574468085,864.445007324219
11.4606741573034,62.7659574468085,752.594970703125
11.6292134831461,62.7659574468085,869.984985351562
11.7977528089888,62.7659574468085,810.755004882812
11.9662921348315,62.7659574468085,814.614990234375
12.1348314606742,62.7659574468085,897.485107421875
12.3033707865169,62.7659574468085,986.705078125
12.4719101123596,62.7659574468085,923.895080566406
12.6404494382022,62.7659574468085,914.93505859375
12.8089887640449,62.7659574468085,876.635070800781
12.9775280898876,62.7659574468085,837.255065917969
13.1460674157303,62.7659574468085,720.212524414062
13.314606741573,62.7659574468085,697.04248046875
13.4831460674157,62.7659574468085,742.482482910156
13.6516853932584,62.7659574468085,677.252502441406
13.8202247191011,62.7659574468085,535.612487792969
13.9887640449438,62.7659574468085,507.112487792969
14.1573033707865,62.7659574468085,510.572509765625
14.3258426966292,62.7659574468085,474.730163574219
14.4943820224719,62.7659574468085,396.480163574219
14.6629213483146,62.7659574468085,400.760162353516
14.8314606741573,62.7659574468085,379.110168457031
15,62.7659574468085,421.100158691406
0,62.5957446808511,-1097.70263671875
0.168539325842697,62.5957446808511,-1039.77258300781
0.337078651685393,62.5957446808511,-940.072570800781
0.50561797752809,62.5957446808511,-891.822570800781
0.674157303370786,62.5957446808511,-866.8525390625
0.842696629213483,62.5957446808511,-850.6025390625
1.01123595505618,62.5957446808511,-809.282531738281
1.17977528089888,62.5957446808511,-786.342529296875
1.34831460674157,62.5957446808511,-761.089904785156
1.51685393258427,62.5957446808511,-728.919921875
1.68539325842697,62.5957446808511,-669.259887695312
1.85393258426966,62.5957446808511,-636.239868164062
2.02247191011236,62.5957446808511,-610.039916992188
2.19101123595506,62.5957446808511,-579.60986328125
2.35955056179775,62.5957446808511,-532.909057617188
2.52808988764045,62.5957446808511,-500.489044189453
2.69662921348315,62.5957446808511,-465.819030761719
2.86516853932584,62.5957446808511,-444.279052734375
3.03370786516854,62.5957446808511,-394.709045410156
3.20224719101124,62.5957446808511,-370.729034423828
3.37078651685393,62.5957446808511,-350.619049072266
3.53932584269663,62.5957446808511,-334.24365234375
3.70786516853933,62.5957446808511,-283.563659667969
3.87640449438202,62.5957446808511,-239.963668823242
4.04494382022472,62.5957446808511,-190.633666992188
4.21348314606742,62.5957446808511,-184.473663330078
4.38202247191011,62.5957446808511,-201.793655395508
4.55056179775281,62.5957446808511,-192.477722167969
4.71910112359551,62.5957446808511,-188.937713623047
4.8876404494382,62.5957446808511,-153.547714233398
5.0561797752809,62.5957446808511,-134.427719116211
5.2247191011236,62.5957446808511,-144.877716064453
5.39325842696629,62.5957446808511,-94.8277206420898
5.56179775280899,62.5957446808511,-82.3177185058594
5.73033707865169,62.5957446808511,-61.6769409179688
5.89887640449438,62.5957446808511,-31.3369388580322
6.06741573033708,62.5957446808511,-16.8469390869141
6.23595505617978,62.5957446808511,-17.5469398498535
6.40449438202247,62.5957446808511,116.513061523438
6.57303370786517,62.5957446808511,81.0430603027344
6.74157303370786,62.5957446808511,288.227508544922
6.91011235955056,62.5957446808511,168.927520751953
7.07865168539326,62.5957446808511,61.4475212097168
7.24719101123596,62.5957446808511,238.997528076172
7.41573033707865,62.5957446808511,53.0875205993652
7.58426966292135,62.5957446808511,138.217529296875
7.75280898876404,62.5957446808511,535.350524902344
7.92134831460674,62.5957446808511,741.720581054688
8.08988764044944,62.5957446808511,808.410522460938
8.25842696629213,62.5957446808511,783.29052734375
8.42696629213483,62.5957446808511,926.260559082031
8.59550561797753,62.5957446808511,1111.58056640625
8.76404494382022,62.5957446808511,1009.35052490234
8.93258426966292,62.5957446808511,965.905029296875
9.10112359550562,62.5957446808511,1007.49499511719
9.26966292134831,62.5957446808511,953.075012207031
9.43820224719101,62.5957446808511,961.684997558594
9.60674157303371,62.5957446808511,815.434997558594
9.7752808988764,62.5957446808511,898.905029296875
9.9438202247191,62.5957446808511,932.938537597656
10.1123595505618,62.5957446808511,915.308532714844
10.2808988764045,62.5957446808511,872.128540039062
10.4494382022472,62.5957446808511,983.168579101562
10.6179775280899,62.5957446808511,1002.68853759766
10.7865168539326,62.5957446808511,1054.38854980469
10.9550561797753,62.5957446808511,946.488586425781
11.123595505618,62.5957446808511,847.934997558594
11.2921348314607,62.5957446808511,795.10498046875
11.4606741573034,62.5957446808511,710.135009765625
11.6292134831461,62.5957446808511,799.914978027344
11.7977528089888,62.5957446808511,765.385009765625
11.9662921348315,62.5957446808511,899.804992675781
12.1348314606742,62.5957446808511,997.43505859375
12.3033707865169,62.5957446808511,924.945068359375
12.4719101123596,62.5957446808511,752.715087890625
12.6404494382022,62.5957446808511,790.305053710938
12.8089887640449,62.5957446808511,901.305053710938
12.9775280898876,62.5957446808511,855.665100097656
13.1460674157303,62.5957446808511,723.642517089844
13.314606741573,62.5957446808511,734.242492675781
13.4831460674157,62.5957446808511,771.902526855469
13.6516853932584,62.5957446808511,729.922485351562
13.8202247191011,62.5957446808511,654.04248046875
13.9887640449438,62.5957446808511,692.902526855469
14.1573033707865,62.5957446808511,609.862487792969
14.3258426966292,62.5957446808511,522.190185546875
14.4943820224719,62.5957446808511,410.770172119141
14.6629213483146,62.5957446808511,470.780181884766
14.8314606741573,62.5957446808511,433.530181884766
15,62.5957446808511,431.550170898438
0,62.4255319148936,-1063.52258300781
0.168539325842697,62.4255319148936,-1001.79260253906
0.337078651685393,62.4255319148936,-875.222534179688
0.50561797752809,62.4255319148936,-815.982543945312
0.674157303370786,62.4255319148936,-768.552551269531
0.842696629213483,62.4255319148936,-735.1025390625
1.01123595505618,62.4255319148936,-693.202575683594
1.17977528089888,62.4255319148936,-669.422546386719
1.34831460674157,62.4255319148936,-647.299865722656
1.51685393258427,62.4255319148936,-620.999877929688
1.68539325842697,62.4255319148936,-557.729919433594
1.85393258426966,62.4255319148936,-518.339904785156
2.02247191011236,62.4255319148936,-481.3798828125
2.19101123595506,62.4255319148936,-455.299896240234
2.35955056179775,62.4255319148936,-432.439056396484
2.52808988764045,62.4255319148936,-422.349029541016
2.69662921348315,62.4255319148936,-411.999053955078
2.86516853932584,62.4255319148936,-396.919036865234
3.03370786516854,62.4255319148936,-368.419036865234
3.20224719101124,62.4255319148936,-350.029052734375
3.37078651685393,62.4255319148936,-320.939056396484
3.53932584269663,62.4255319148936,-265.833648681641
3.70786516853933,62.4255319148936,-191.263656616211
3.87640449438202,62.4255319148936,-184.163665771484
4.04494382022472,62.4255319148936,-172.603668212891
4.21348314606742,62.4255319148936,-174.33366394043
4.38202247191011,62.4255319148936,-192.153656005859
4.55056179775281,62.4255319148936,-179.537719726562
4.71910112359551,62.4255319148936,-185.527725219727
4.8876404494382,62.4255319148936,-194.49772644043
5.0561797752809,62.4255319148936,-183.477722167969
5.2247191011236,62.4255319148936,-176.047714233398
5.39325842696629,62.4255319148936,-148.617721557617
5.56179775280899,62.4255319148936,-114.127716064453
5.73033707865169,62.4255319148936,-85.4669418334961
5.89887640449438,62.4255319148936,-15.0169401168823
6.06741573033708,62.4255319148936,-28.6169395446777
6.23595505617978,62.4255319148936,69.3730621337891
6.40449438202247,62.4255319148936,25.233060836792
6.57303370786517,62.4255319148936,42.7130584716797
6.74157303370786,62.4255319148936,56.8575210571289
6.91011235955056,62.4255319148936,155.497528076172
7.07865168539326,62.4255319148936,623.337524414062
7.24719101123596,62.4255319148936,792.297546386719
7.41573033707865,62.4255319148936,688.587524414062
7.58426966292135,62.4255319148936,680.947509765625
7.75280898876404,62.4255319148936,839.420532226562
7.92134831460674,62.4255319148936,942.350524902344
8.08988764044944,62.4255319148936,1148.43054199219
8.25842696629213,62.4255319148936,919.340576171875
8.42696629213483,62.4255319148936,1075.09057617188
8.59550561797753,62.4255319148936,1078.38049316406
8.76404494382022,62.4255319148936,1411.91052246094
8.93258426966292,62.4255319148936,1286.95495605469
9.10112359550562,62.4255319148936,1300.99499511719
9.26966292134831,62.4255319148936,1326.67504882812
9.43820224719101,62.4255319148936,1277.44494628906
9.60674157303371,62.4255319148936,1185.43505859375
9.7752808988764,62.4255319148936,1294.60498046875
9.9438202247191,62.4255319148936,1172.87854003906
10.1123595505618,62.4255319148936,1023.87854003906
10.2808988764045,62.4255319148936,942.918579101562
10.4494382022472,62.4255319148936,858.74853515625
10.6179775280899,62.4255319148936,940.2685546875
10.7865168539326,62.4255319148936,899.968566894531
10.9550561797753,62.4255319148936,910.048583984375
11.123595505618,62.4255319148936,739.714965820312
11.2921348314607,62.4255319148936,927.075012207031
11.4606741573034,62.4255319148936,870.764953613281
11.6292134831461,62.4255319148936,819.625
11.7977528089888,62.4255319148936,735.065002441406
11.9662921348315,62.4255319148936,720.344970703125
12.1348314606742,62.4255319148936,922.93505859375
12.3033707865169,62.4255319148936,929.145080566406
12.4719101123596,62.4255319148936,815.005065917969
12.6404494382022,62.4255319148936,690.235107421875
12.8089887640449,62.4255319148936,653.625061035156
12.9775280898876,62.4255319148936,759.645080566406
13.1460674157303,62.4255319148936,595.602478027344
13.314606741573,62.4255319148936,622.942504882812
13.4831460674157,62.4255319148936,564.212524414062
13.6516853932584,62.4255319148936,526.482482910156
13.8202247191011,62.4255319148936,549.092529296875
13.9887640449438,62.4255319148936,661.462524414062
14.1573033707865,62.4255319148936,787.222473144531
14.3258426966292,62.4255319148936,581.810180664062
14.4943820224719,62.4255319148936,424.43017578125
14.6629213483146,62.4255319148936,415.450164794922
14.8314606741573,62.4255319148936,413.18017578125
15,62.4255319148936,324.290161132812
0,62.2553191489362,-695.617614746094
0.168539325842697,62.2553191489362,-669.027587890625
0.337078651685393,62.2553191489362,-628.345031738281
0.50561797752809,62.2553191489362,-602.294982910156
0.674157303370786,62.2553191489362,-554.304992675781
0.842696629213483,62.2553191489362,-511.774993896484
1.01123595505618,62.2553191489362,-452.455017089844
1.17977528089888,62.2553191489362,-424.665008544922
1.34831460674157,62.2553191489362,-410.372894287109
1.51685393258427,62.2553191489362,-409.042907714844
1.68539325842697,62.2553191489362,-390.882904052734
1.85393258426966,62.2553191489362,-391.552886962891
2.02247191011236,62.2553191489362,-392.612884521484
2.19101123595506,62.2553191489362,-396.172882080078
2.35955056179775,62.2553191489362,-413.431732177734
2.52808988764045,62.2553191489362,-415.061737060547
2.69662921348315,62.2553191489362,-414.291748046875
2.86516853932584,62.2553191489362,-408.021728515625
3.03370786516854,62.2553191489362,-384.421722412109
3.20224719101124,62.2553191489362,-363.931732177734
3.37078651685393,62.2553191489362,-340.211730957031
3.53932584269663,62.2553191489362,-274.985015869141
3.70786516853933,62.2553191489362,-204.30500793457
3.87640449438202,62.2553191489362,-180.705017089844
4.04494382022472,62.2553191489362,-169.605010986328
4.21348314606742,62.2553191489362,-179.545013427734
4.38202247191011,62.2553191489362,-192.635009765625
4.55056179775281,62.2553191489362,-193.557678222656
4.71910112359551,62.2553191489362,-180.517684936523
4.8876404494382,62.2553191489362,-162.007675170898
5.0561797752809,62.2553191489362,8.15232181549072
5.2247191011236,62.2553191489362,12.6823215484619
5.39325842696629,62.2553191489362,-11.4576778411865
5.56179775280899,62.2553191489362,82.0423202514648
5.73033707865169,62.2553191489362,175.913192749023
5.89887640449438,62.2553191489362,-45.1768112182617
6.06741573033708,62.2553191489362,242.623184204102
6.23595505617978,62.2553191489362,380.253173828125
6.40449438202247,62.2553191489362,444.493194580078
6.57303370786517,62.2553191489362,542.543212890625
6.74157303370786,62.2553191489362,886.849975585938
6.91011235955056,62.2553191489362,763.260009765625
7.07865168539326,62.2553191489362,870.029968261719
7.24719101123596,62.2553191489362,987.859985351562
7.41573033707865,62.2553191489362,822.890014648438
7.58426966292135,62.2553191489362,1133.47998046875
7.75280898876404,62.2553191489362,1395.33801269531
7.92134831460674,62.2553191489362,1357.61804199219
8.08988764044944,62.2553191489362,1301.04797363281
8.25842696629213,62.2553191489362,1098.11804199219
8.42696629213483,62.2553191489362,1082.90795898438
8.59550561797753,62.2553191489362,1064.01806640625
8.76404494382022,62.2553191489362,1138.42797851562
8.93258426966292,62.2553191489362,1147.96740722656
9.10112359550562,62.2553191489362,1306.31750488281
9.26966292134831,62.2553191489362,1248.28747558594
9.43820224719101,62.2553191489362,1186.45751953125
9.60674157303371,62.2553191489362,1131.28747558594
9.7752808988764,62.2553191489362,988.947448730469
9.9438202247191,62.2553191489362,1161.35852050781
10.1123595505618,62.2553191489362,1066.82849121094
10.2808988764045,62.2553191489362,905.45849609375
10.4494382022472,62.2553191489362,775.348449707031
10.6179775280899,62.2553191489362,681.638488769531
10.7865168539326,62.2553191489362,811.398498535156
10.9550561797753,62.2553191489362,833.258483886719
11.123595505618,62.2553191489362,1004.69952392578
11.2921348314607,62.2553191489362,1074.20947265625
11.4606741573034,62.2553191489362,944.549499511719
11.6292134831461,62.2553191489362,963.989501953125
11.7977528089888,62.2553191489362,696.01953125
11.9662921348315,62.2553191489362,710.76953125
12.1348314606742,62.2553191489362,1022.28295898438
12.3033707865169,62.2553191489362,944.312927246094
12.4719101123596,62.2553191489362,853.862915039062
12.6404494382022,62.2553191489362,831.512939453125
12.8089887640449,62.2553191489362,779.52294921875
12.9775280898876,62.2553191489362,795.29296875
13.1460674157303,62.2553191489362,794.305725097656
13.314606741573,62.2553191489362,742.885681152344
13.4831460674157,62.2553191489362,639.925720214844
13.6516853932584,62.2553191489362,668.895690917969
13.8202247191011,62.2553191489362,494.305694580078
13.9887640449438,62.2553191489362,465.375701904297
14.1573033707865,62.2553191489362,398.195709228516
14.3258426966292,62.2553191489362,434.278167724609
14.4943820224719,62.2553191489362,561.478149414062
14.6629213483146,62.2553191489362,577.578186035156
14.8314606741573,62.2553191489362,466.298156738281
15,62.2553191489362,304.338165283203
0,62.0851063829787,-500.167602539062
0.168539325842697,62.0851063829787,-468.277587890625
0.337078651685393,62.0851063829787,-419.135009765625
0.50561797752809,62.0851063829787,-401.894989013672
0.674157303370786,62.0851063829787,-363.105010986328
0.842696629213483,62.0851063829787,-312.304992675781
1.01123595505618,62.0851063829787,-337.975006103516
1.17977528089888,62.0851063829787,-348.355010986328
1.34831460674157,62.0851063829787,-364.762908935547
1.51685393258427,62.0851063829787,-380.942901611328
1.68539325842697,62.0851063829787,-380.232879638672
1.85393258426966,62.0851063829787,-380.332885742188
2.02247191011236,62.0851063829787,-382.862884521484
2.19101123595506,62.0851063829787,-388.582885742188
2.35955056179775,62.0851063829787,-406.431732177734
2.52808988764045,62.0851063829787,-408.721740722656
2.69662921348315,62.0851063829787,-410.091735839844
2.86516853932584,62.0851063829787,-404.001739501953
3.03370786516854,62.0851063829787,-387.091735839844
3.20224719101124,62.0851063829787,-378.451751708984
3.37078651685393,62.0851063829787,-361.881744384766
3.53932584269663,62.0851063829787,-311.855010986328
3.70786516853933,62.0851063829787,-226.525009155273
3.87640449438202,62.0851063829787,-211.195007324219
4.04494382022472,62.0851063829787,-175.505020141602
4.21348314606742,62.0851063829787,-167.815017700195
4.38202247191011,62.0851063829787,-205.675018310547
4.55056179775281,62.0851063829787,-185.067672729492
4.71910112359551,62.0851063829787,-147.407684326172
4.8876404494382,62.0851063829787,-93.2876815795898
5.0561797752809,62.0851063829787,-17.3576774597168
5.2247191011236,62.0851063829787,56.3823204040527
5.39325842696629,62.0851063829787,121.812324523926
5.56179775280899,62.0851063829787,172.022323608398
5.73033707865169,62.0851063829787,539.503173828125
5.89887640449438,62.0851063829787,453.523193359375
6.06741573033708,62.0851063829787,266.323181152344
6.23595505617978,62.0851063829787,509.253173828125
6.40449438202247,62.0851063829787,684.313171386719
6.57303370786517,62.0851063829787,741.323181152344
6.74157303370786,62.0851063829787,742.679992675781
6.91011235955056,62.0851063829787,718.369995117188
7.07865168539326,62.0851063829787,960.580017089844
7.24719101123596,62.0851063829787,1126.09997558594
7.41573033707865,62.0851063829787,1219.13000488281
7.58426966292135,62.0851063829787,1241.85998535156
7.75280898876404,62.0851063829787,1224.2080078125
7.92134831460674,62.0851063829787,1427.77795410156
8.08988764044944,62.0851063829787,1638.11804199219
8.25842696629213,62.0851063829787,1466.08801269531
8.42696629213483,62.0851063829787,1293.48803710938
8.59550561797753,62.0851063829787,1298.89794921875
8.76404494382022,62.0851063829787,1252.2080078125
8.93258426966292,62.0851063829787,1113.52746582031
9.10112359550562,62.0851063829787,832.787475585938
9.26966292134831,62.0851063829787,1073.07751464844
9.43820224719101,62.0851063829787,1336.06750488281
9.60674157303371,62.0851063829787,1314.71740722656
9.7752808988764,62.0851063829787,1097.99743652344
9.9438202247191,62.0851063829787,925.4384765625
10.1123595505618,62.0851063829787,896.538452148438
10.2808988764045,62.0851063829787,1008.53845214844
10.4494382022472,62.0851063829787,896.9384765625
10.6179775280899,62.0851063829787,737.998474121094
10.7865168539326,62.0851063829787,732.928466796875
10.9550561797753,62.0851063829787,659.468444824219
11.123595505618,62.0851063829787,851.449523925781
11.2921348314607,62.0851063829787,1010.76953125
11.4606741573034,62.0851063829787,896.349487304688
11.6292134831461,62.0851063829787,836.559509277344
11.7977528089888,62.0851063829787,689.299499511719
11.9662921348315,62.0851063829787,781.069519042969
12.1348314606742,62.0851063829787,838.472961425781
12.3033707865169,62.0851063829787,869.27294921875
12.4719101123596,62.0851063829787,859.482971191406
12.6404494382022,62.0851063829787,694.362915039062
12.8089887640449,62.0851063829787,693.332946777344
12.9775280898876,62.0851063829787,776.472961425781
13.1460674157303,62.0851063829787,746.605712890625
13.314606741573,62.0851063829787,833.415710449219
13.4831460674157,62.0851063829787,660.57568359375
13.6516853932584,62.0851063829787,630.185729980469
13.8202247191011,62.0851063829787,539.57568359375
13.9887640449438,62.0851063829787,480.195709228516
14.1573033707865,62.0851063829787,432.545715332031
14.3258426966292,62.0851063829787,386.668151855469
14.4943820224719,62.0851063829787,389.348175048828
14.6629213483146,62.0851063829787,383.538177490234
14.8314606741573,62.0851063829787,432.148162841797
15,62.0851063829787,403.598175048828
0,61.9148936170213,-304.757598876953
0.168539325842697,61.9148936170213,-286.527587890625
0.337078651685393,61.9148936170213,-264.334991455078
0.50561797752809,61.9148936170213,-258.345001220703
0.674157303370786,61.9148936170213,-254.865005493164
0.842696629213483,61.9148936170213,-235.755004882812
1.01123595505618,61.9148936170213,-277.334991455078
1.17977528089888,61.9148936170213,-330.975006103516
1.34831460674157,61.9148936170213,-360.092895507812
1.51685393258427,61.9148936170213,-368.542907714844
1.68539325842697,61.9148936170213,-381.472900390625
1.85393258426966,61.9148936170213,-379.512908935547
2.02247191011236,61.9148936170213,-379.322906494141
2.19101123595506,61.9148936170213,-381.992889404297
2.35955056179775,61.9148936170213,-390.131744384766
2.52808988764045,61.9148936170213,-399.751739501953
2.69662921348315,61.9148936170213,-406.271728515625
2.86516853932584,61.9148936170213,-406.78173828125
3.03370786516854,61.9148936170213,-401.381744384766
3.20224719101124,61.9148936170213,-387.431732177734
3.37078651685393,61.9148936170213,-372.041748046875
3.53932584269663,61.9148936170213,-346.425018310547
3.70786516853933,61.9148936170213,-242.835021972656
3.87640449438202,61.9148936170213,-225.865020751953
4.04494382022472,61.9148936170213,-211.915008544922
4.21348314606742,61.9148936170213,-191.105010986328
4.38202247191011,61.9148936170213,-163.855010986328
4.55056179775281,61.9148936170213,-122.837677001953
4.71910112359551,61.9148936170213,-84.8076782226562
4.8876404494382,61.9148936170213,-36.9076766967773
5.0561797752809,61.9148936170213,94.38232421875
5.2247191011236,61.9148936170213,103.262321472168
5.39325842696629,61.9148936170213,233.712326049805
5.56179775280899,61.9148936170213,231.942321777344
5.73033707865169,61.9148936170213,296.703186035156
5.89887640449438,61.9148936170213,382.343200683594
6.06741573033708,61.9148936170213,427.01318359375
6.23595505617978,61.9148936170213,477.213195800781
6.40449438202247,61.9148936170213,456.283203125
6.57303370786517,61.9148936170213,406.183197021484
6.74157303370786,61.9148936170213,595.789978027344
6.91011235955056,61.9148936170213,722.279968261719
7.07865168539326,61.9148936170213,863.630004882812
7.24719101123596,61.9148936170213,1072.41003417969
7.41573033707865,61.9148936170213,1417.38000488281
7.58426966292135,61.9148936170213,1378.23999023438
7.75280898876404,61.9148936170213,1029.37805175781
7.92134831460674,61.9148936170213,970.947998046875
8.08988764044944,61.9148936170213,993.177978515625
8.25842696629213,61.9148936170213,1073.23803710938
8.42696629213483,61.9148936170213,1256.83801269531
8.59550561797753,61.9148936170213,1288.69799804688
8.76404494382022,61.9148936170213,1250.77795410156
8.93258426966292,61.9148936170213,1265.6474609375
9.10112359550562,61.9148936170213,1013.67749023438
9.26966292134831,61.9148936170213,911.487487792969
9.43820224719101,61.9148936170213,967.997436523438
9.60674157303371,61.9148936170213,1283.62744140625
9.7752808988764,61.9148936170213,1429.36743164062
9.9438202247191,61.9148936170213,1340.88842773438
10.1123595505618,61.9148936170213,980.1884765625
10.2808988764045,61.9148936170213,1125.728515625
10.4494382022472,61.9148936170213,1107.52844238281
10.6179775280899,61.9148936170213,1113.28845214844
10.7865168539326,61.9148936170213,995.45849609375
10.9550561797753,61.9148936170213,636.898498535156
11.123595505618,61.9148936170213,624.049499511719
11.2921348314607,61.9148936170213,903.689514160156
11.4606741573034,61.9148936170213,886.589538574219
11.6292134831461,61.9148936170213,909.409484863281
11.7977528089888,61.9148936170213,706.409484863281
11.9662921348315,61.9148936170213,690.889526367188
12.1348314606742,61.9148936170213,719.662963867188
12.3033707865169,61.9148936170213,688.342956542969
12.4719101123596,61.9148936170213,589.302917480469
12.6404494382022,61.9148936170213,575.102966308594
12.8089887640449,61.9148936170213,624.652954101562
12.9775280898876,61.9148936170213,800.742919921875
13.1460674157303,61.9148936170213,736.005737304688
13.314606741573,61.9148936170213,847.495727539062
13.4831460674157,61.9148936170213,771.595703125
13.6516853932584,61.9148936170213,683.595703125
13.8202247191011,61.9148936170213,570.045715332031
13.9887640449438,61.9148936170213,548.795715332031
14.1573033707865,61.9148936170213,493.195709228516
14.3258426966292,61.9148936170213,443.808166503906
14.4943820224719,61.9148936170213,448.938171386719
14.6629213483146,61.9148936170213,405.018157958984
14.8314606741573,61.9148936170213,444.378173828125
15,61.9148936170213,472.698150634766
0,61.7446808510638,-221.097595214844
0.168539325842697,61.7446808510638,-219.827590942383
0.337078651685393,61.7446808510638,-221.404998779297
0.50561797752809,61.7446808510638,-223.434997558594
0.674157303370786,61.7446808510638,-224.404998779297
0.842696629213483,61.7446808510638,-222.815002441406
1.01123595505618,61.7446808510638,-197.184997558594
1.17977528089888,61.7446808510638,-227.324996948242
1.34831460674157,61.7446808510638,-299.412902832031
1.51685393258427,61.7446808510638,-342.322906494141
1.68539325842697,61.7446808510638,-370.602905273438
1.85393258426966,61.7446808510638,-385.322906494141
2.02247191011236,61.7446808510638,-383.362884521484
2.19101123595506,61.7446808510638,-378.182891845703
2.35955056179775,61.7446808510638,-384.961730957031
2.52808988764045,61.7446808510638,-391.251739501953
2.69662921348315,61.7446808510638,-402.941741943359
2.86516853932584,61.7446808510638,-407.151733398438
3.03370786516854,61.7446808510638,-403.641723632812
3.20224719101124,61.7446808510638,-395.641723632812
3.37078651685393,61.7446808510638,-383.03173828125
3.53932584269663,61.7446808510638,-360.095001220703
3.70786516853933,61.7446808510638,-284.175018310547
3.87640449438202,61.7446808510638,-253.71501159668
4.04494382022472,61.7446808510638,-235.245010375977
4.21348314606742,61.7446808510638,-213.005020141602
4.38202247191011,61.7446808510638,-164.585021972656
4.55056179775281,61.7446808510638,-124.427680969238
4.71910112359551,61.7446808510638,-72.2876815795898
4.8876404494382,61.7446808510638,48.9123229980469
5.0561797752809,61.7446808510638,103.762321472168
5.2247191011236,61.7446808510638,219.272323608398
5.39325842696629,61.7446808510638,572.512329101562
5.56179775280899,61.7446808510638,713.782348632812
5.73033707865169,61.7446808510638,756.463195800781
5.89887640449438,61.7446808510638,502.993194580078
6.06741573033708,61.7446808510638,369.433197021484
6.23595505617978,61.7446808510638,249.963195800781
6.40449438202247,61.7446808510638,353.843200683594
6.57303370786517,61.7446808510638,594.633178710938
6.74157303370786,61.7446808510638,989.700012207031
6.91011235955056,61.7446808510638,827.070007324219
7.07865168539326,61.7446808510638,1397.36999511719
7.24719101123596,61.7446808510638,1403.41003417969
7.41573033707865,61.7446808510638,1375.2900390625
7.58426966292135,61.7446808510638,1440.0400390625
7.75280898876404,61.7446808510638,1411.71801757812
7.92134831460674,61.7446808510638,1496.65795898438
8.08988764044944,61.7446808510638,1632.98803710938
8.25842696629213,61.7446808510638,1493.05798339844
8.42696629213483,61.7446808510638,1053.71801757812
8.59550561797753,61.7446808510638,1101.13806152344
8.76404494382022,61.7446808510638,1327.14794921875
8.93258426966292,61.7446808510638,1070.09741210938
9.10112359550562,61.7446808510638,875.227478027344
9.26966292134831,61.7446808510638,715.347473144531
9.43820224719101,61.7446808510638,735.3974609375
9.60674157303371,61.7446808510638,754.477478027344
9.7752808988764,61.7446808510638,1137.81750488281
9.9438202247191,61.7446808510638,1173.11840820312
10.1123595505618,61.7446808510638,1194.44848632812
10.2808988764045,61.7446808510638,967.528442382812
10.4494382022472,61.7446808510638,798.318481445312
10.6179775280899,61.7446808510638,786.848449707031
10.7865168539326,61.7446808510638,728.108459472656
10.9550561797753,61.7446808510638,589.95849609375
11.123595505618,61.7446808510638,535.879516601562
11.2921348314607,61.7446808510638,759.469482421875
11.4606741573034,61.7446808510638,743.889526367188
11.6292134831461,61.7446808510638,805.059509277344
11.7977528089888,61.7446808510638,793.809509277344
11.9662921348315,61.7446808510638,786.399536132812
12.1348314606742,61.7446808510638,835.692932128906
12.3033707865169,61.7446808510638,742.982971191406
12.4719101123596,61.7446808510638,673.902954101562
12.6404494382022,61.7446808510638,660.122924804688
12.8089887640449,61.7446808510638,584.912963867188
12.9775280898876,61.7446808510638,520.302917480469
13.1460674157303,61.7446808510638,538.985717773438
13.314606741573,61.7446808510638,569.035705566406
13.4831460674157,61.7446808510638,646.215698242188
13.6516853932584,61.7446808510638,631.335693359375
13.8202247191011,61.7446808510638,582.855712890625
13.9887640449438,61.7446808510638,588.625732421875
14.1573033707865,61.7446808510638,518.015686035156
14.3258426966292,61.7446808510638,483.128173828125
14.4943820224719,61.7446808510638,510.658172607422
14.6629213483146,61.7446808510638,450.018157958984
14.8314606741573,61.7446808510638,411.828155517578
15,61.7446808510638,409.098175048828
0,61.5744680851064,-193.197601318359
0.168539325842697,61.5744680851064,-191.157592773438
0.337078651685393,61.5744680851064,-188.065002441406
0.50561797752809,61.5744680851064,-188.595001220703
0.674157303370786,61.5744680851064,-188.074996948242
0.842696629213483,61.5744680851064,-186.025009155273
1.01123595505618,61.5744680851064,-181.955001831055
1.17977528089888,61.5744680851064,-179.574996948242
1.34831460674157,61.5744680851064,-175.082901000977
1.51685393258427,61.5744680851064,-167.332901000977
1.68539325842697,61.5744680851064,-274.252899169922
1.85393258426966,61.5744680851064,-312.572906494141
2.02247191011236,61.5744680851064,-327.642883300781
2.19101123595506,61.5744680851064,-350.592895507812
2.35955056179775,61.5744680851064,-378.091735839844
2.52808988764045,61.5744680851064,-375.211730957031
2.69662921348315,61.5744680851064,-378.891723632812
2.86516853932584,61.5744680851064,-384.851745605469
3.03370786516854,61.5744680851064,-394.361724853516
3.20224719101124,61.5744680851064,-383.911743164062
3.37078651685393,61.5744680851064,-377.841735839844
3.53932584269663,61.5744680851064,-369.905029296875
3.70786516853933,61.5744680851064,-351.365020751953
3.87640449438202,61.5744680851064,-340.205017089844
4.04494382022472,61.5744680851064,-324.585021972656
4.21348314606742,61.5744680851064,-312.865020751953
4.38202247191011,61.5744680851064,-222.165008544922
4.55056179775281,61.5744680851064,-117.28768157959
4.71910112359551,61.5744680851064,-96.0076751708984
4.8876404494382,61.5744680851064,-66.3276748657227
5.0561797752809,61.5744680851064,-94.5976791381836
5.2247191011236,61.5744680851064,43.262321472168
5.39325842696629,61.5744680851064,194.802322387695
5.56179775280899,61.5744680851064,321.032318115234
5.73033707865169,61.5744680851064,321.563201904297
5.89887640449438,61.5744680851064,525.883178710938
6.06741573033708,61.5744680851064,591.023193359375
6.23595505617978,61.5744680851064,667.133178710938
6.40449438202247,61.5744680851064,803.463195800781
6.57303370786517,61.5744680851064,996.103210449219
6.74157303370786,61.5744680851064,1235.86999511719
6.91011235955056,61.5744680851064,1193.42993164062
7.07865168539326,61.5744680851064,1124.44995117188
7.24719101123596,61.5744680851064,784.7099609375
7.41573033707865,61.5744680851064,1086.05004882812
7.58426966292135,61.5744680851064,1008.29998779297
7.75280898876404,61.5744680851064,1122.52795410156
7.92134831460674,61.5744680851064,1431.46801757812
8.08988764044944,61.5744680851064,1472.89794921875
8.25842696629213,61.5744680851064,1533.72802734375
8.42696629213483,61.5744680851064,1719.05798339844
8.59550561797753,61.5744680851064,1572.52795410156
8.76404494382022,61.5744680851064,1419.88806152344
8.93258426966292,61.5744680851064,1184.607421875
9.10112359550562,61.5744680851064,1087.6875
9.26966292134831,61.5744680851064,858.957458496094
9.43820224719101,61.5744680851064,894.737487792969
9.60674157303371,61.5744680851064,920.607482910156
9.7752808988764,61.5744680851064,732.827453613281
9.9438202247191,61.5744680851064,680.95849609375
10.1123595505618,61.5744680851064,661.598449707031
10.2808988764045,61.5744680851064,642.91845703125
10.4494382022472,61.5744680851064,1066.16845703125
10.6179775280899,61.5744680851064,995.028442382812
10.7865168539326,61.5744680851064,921.558471679688
10.9550561797753,61.5744680851064,749.498474121094
11.123595505618,61.5744680851064,586.489501953125
11.2921348314607,61.5744680851064,485.539520263672
11.4606741573034,61.5744680851064,726.889526367188
11.6292134831461,61.5744680851064,792.26953125
11.7977528089888,61.5744680851064,828.279541015625
11.9662921348315,61.5744680851064,807.339538574219
12.1348314606742,61.5744680851064,693.622924804688
12.3033707865169,61.5744680851064,786.422973632812
12.4719101123596,61.5744680851064,790.072937011719
12.6404494382022,61.5744680851064,878.282958984375
12.8089887640449,61.5744680851064,925.802917480469
12.9775280898876,61.5744680851064,718.092956542969
13.1460674157303,61.5744680851064,474.135711669922
13.314606741573,61.5744680851064,493.715698242188
13.4831460674157,61.5744680851064,484.395721435547
13.6516853932584,61.5744680851064,534.945678710938
13.8202247191011,61.5744680851064,637.025695800781
13.9887640449438,61.5744680851064,616.07568359375
14.1573033707865,61.5744680851064,658.195678710938
14.3258426966292,61.5744680851064,648.808166503906
14.4943820224719,61.5744680851064,577.908142089844
14.6629213483146,61.5744680851064,511.518157958984
14.8314606741573,61.5744680851064,471.198150634766
15,61.5744680851064,418.458160400391
0,61.4042553191489,-176.487594604492
0.168539325842697,61.4042553191489,-175.247604370117
0.337078651685393,61.4042553191489,-173.145004272461
0.50561797752809,61.4042553191489,-170.604995727539
0.674157303370786,61.4042553191489,-170.184997558594
0.842696629213483,61.4042553191489,-170.645004272461
1.01123595505618,61.4042553191489,-167.315002441406
1.17977528089888,61.4042553191489,-166.625
1.34831460674157,61.4042553191489,-165.102890014648
1.51685393258427,61.4042553191489,-162.782897949219
1.68539325842697,61.4042553191489,-158.64289855957
1.85393258426966,61.4042553191489,-219.552886962891
2.02247191011236,61.4042553191489,-277.602905273438
2.19101123595506,61.4042553191489,-300.932891845703
2.35955056179775,61.4042553191489,-351.721740722656
2.52808988764045,61.4042553191489,-374.831726074219
2.69662921348315,61.4042553191489,-377.871734619141
2.86516853932584,61.4042553191489,-376.981750488281
3.03370786516854,61.4042553191489,-386.521728515625
3.20224719101124,61.4042553191489,-382.931732177734
3.37078651685393,61.4042553191489,-376.101745605469
3.53932584269663,61.4042553191489,-376.015014648438
3.70786516853933,61.4042553191489,-368.445007324219
3.87640449438202,61.4042553191489,-363.305023193359
4.04494382022472,61.4042553191489,-355.405029296875
4.21348314606742,61.4042553191489,-336.125
4.38202247191011,61.4042553191489,-171.515014648438
4.55056179775281,61.4042553191489,-91.5476760864258
4.71910112359551,61.4042553191489,-80.0576782226562
4.8876404494382,61.4042553191489,-66.2676773071289
5.0561797752809,61.4042553191489,168.082321166992
5.2247191011236,61.4042553191489,258.992309570312
5.39325842696629,61.4042553191489,290.532318115234
5.56179775280899,61.4042553191489,378.922332763672
5.73033707865169,61.4042553191489,380.143188476562
5.89887640449438,61.4042553191489,446.913177490234
6.06741573033708,61.4042553191489,582.073181152344
6.23595505617978,61.4042553191489,646.533203125
6.40449438202247,61.4042553191489,979.893188476562
6.57303370786517,61.4042553191489,1015.27319335938
6.74157303370786,61.4042553191489,530.419982910156
6.91011235955056,61.4042553191489,1058.7099609375
7.07865168539326,61.4042553191489,773.330017089844
7.24719101123596,61.4042553191489,496.25
7.41573033707865,61.4042553191489,416.789978027344
7.58426966292135,61.4042553191489,880.619995117188
7.75280898876404,61.4042553191489,1293.36804199219
7.92134831460674,61.4042553191489,1066.62805175781
8.08988764044944,61.4042553191489,1354.998046875
8.25842696629213,61.4042553191489,1451.83801269531
8.42696629213483,61.4042553191489,1416.00805664062
8.59550561797753,61.4042553191489,1585.00805664062
8.76404494382022,61.4042553191489,1460.36804199219
8.93258426966292,61.4042553191489,1323.90747070312
9.10112359550562,61.4042553191489,1129.71740722656
9.26966292134831,61.4042553191489,1009.37744140625
9.43820224719101,61.4042553191489,1037.53747558594
9.60674157303371,61.4042553191489,1061.03747558594
9.7752808988764,61.4042553191489,874.447448730469
9.9438202247191,61.4042553191489,935.088439941406
10.1123595505618,61.4042553191489,955.268493652344
10.2808988764045,61.4042553191489,580.70849609375
10.4494382022472,61.4042553191489,891.678466796875
10.6179775280899,61.4042553191489,997.808471679688
10.7865168539326,61.4042553191489,990.648498535156
10.9550561797753,61.4042553191489,914.4384765625
11.123595505618,61.4042553191489,501.439514160156
11.2921348314607,61.4042553191489,498.359497070312
11.4606741573034,61.4042553191489,546.839538574219
11.6292134831461,61.4042553191489,739.849487304688
11.7977528089888,61.4042553191489,623.009521484375
11.9662921348315,61.4042553191489,592.739501953125
12.1348314606742,61.4042553191489,632.682922363281
12.3033707865169,61.4042553191489,580.422973632812
12.4719101123596,61.4042553191489,697.212951660156
12.6404494382022,61.4042553191489,620.842956542969
12.8089887640449,61.4042553191489,635.452941894531
12.9775280898876,61.4042553191489,690.132934570312
13.1460674157303,61.4042553191489,452.125701904297
13.314606741573,61.4042553191489,450.345703125
13.4831460674157,61.4042553191489,498.125701904297
13.6516853932584,61.4042553191489,532.005737304688
13.8202247191011,61.4042553191489,580.185729980469
13.9887640449438,61.4042553191489,557.145690917969
14.1573033707865,61.4042553191489,494.965698242188
14.3258426966292,61.4042553191489,556.028137207031
14.4943820224719,61.4042553191489,536.498168945312
14.6629213483146,61.4042553191489,544.558166503906
14.8314606741573,61.4042553191489,522.558166503906
15,61.4042553191489,463.128173828125
0,61.2340425531915,-163.427597045898
0.168539325842697,61.2340425531915,-163.867599487305
0.337078651685393,61.2340425531915,-169.30500793457
0.50561797752809,61.2340425531915,-163.824996948242
0.674157303370786,61.2340425531915,-158.985000610352
0.842696629213483,61.2340425531915,-161.214996337891
1.01123595505618,61.2340425531915,-158.714996337891
1.17977528089888,61.2340425531915,-152.615005493164
1.34831460674157,61.2340425531915,-149.362899780273
1.51685393258427,61.2340425531915,-150.442901611328
1.68539325842697,61.2340425531915,-147.632888793945
1.85393258426966,61.2340425531915,-143.382888793945
2.02247191011236,61.2340425531915,-164.722900390625
2.19101123595506,61.2340425531915,-225.122894287109
2.35955056179775,61.2340425531915,-293.611724853516
2.52808988764045,61.2340425531915,-322.121734619141
2.69662921348315,61.2340425531915,-360.351745605469
2.86516853932584,61.2340425531915,-378.351745605469
3.03370786516854,61.2340425531915,-377.201751708984
3.20224719101124,61.2340425531915,-379.231750488281
3.37078651685393,61.2340425531915,-375.731750488281
3.53932584269663,61.2340425531915,-371.315002441406
3.70786516853933,61.2340425531915,-360.475006103516
3.87640449438202,61.2340425531915,-362.885009765625
4.04494382022472,61.2340425531915,-363.525024414062
4.21348314606742,61.2340425531915,-368.785003662109
4.38202247191011,61.2340425531915,-187.71501159668
4.55056179775281,61.2340425531915,-175.327682495117
4.71910112359551,61.2340425531915,-123.397674560547
4.8876404494382,61.2340425531915,-111.767677307129
5.0561797752809,61.2340425531915,-3.10767817497253
5.2247191011236,61.2340425531915,223.002319335938
5.39325842696629,61.2340425531915,266.742309570312
5.56179775280899,61.2340425531915,451.102325439453
5.73033707865169,61.2340425531915,441.973175048828
5.89887640449438,61.2340425531915,675.653198242188
6.06741573033708,61.2340425531915,705.573181152344
6.23595505617978,61.2340425531915,824.183166503906
6.40449438202247,61.2340425531915,810.613159179688
6.57303370786517,61.2340425531915,327.233184814453
6.74157303370786,61.2340425531915,819.899963378906
6.91011235955056,61.2340425531915,903.140014648438
7.07865168539326,61.2340425531915,368.989990234375
7.24719101123596,61.2340425531915,460.519989013672
7.41573033707865,61.2340425531915,463
7.58426966292135,61.2340425531915,884.549987792969
7.75280898876404,61.2340425531915,856.7080078125
7.92134831460674,61.2340425531915,1273.86804199219
8.08988764044944,61.2340425531915,1311.65795898438
8.25842696629213,61.2340425531915,1171.14794921875
8.42696629213483,61.2340425531915,1350.57800292969
8.59550561797753,61.2340425531915,1326.47802734375
8.76404494382022,61.2340425531915,1143.73803710938
8.93258426966292,61.2340425531915,955.267456054688
9.10112359550562,61.2340425531915,1108.08752441406
9.26966292134831,61.2340425531915,1079.61743164062
9.43820224719101,61.2340425531915,1112.69750976562
9.60674157303371,61.2340425531915,1022.65747070312
9.7752808988764,61.2340425531915,865.557495117188
9.9438202247191,61.2340425531915,796.068481445312
10.1123595505618,61.2340425531915,694.348449707031
10.2808988764045,61.2340425531915,518.618469238281
10.4494382022472,61.2340425531915,687.928466796875
10.6179775280899,61.2340425531915,940.018493652344
10.7865168539326,61.2340425531915,860.018493652344
10.9550561797753,61.2340425531915,896.338439941406
11.123595505618,61.2340425531915,773.649536132812
11.2921348314607,61.2340425531915,414.469512939453
11.4606741573034,61.2340425531915,365.49951171875
11.6292134831461,61.2340425531915,484.839508056641
11.7977528089888,61.2340425531915,499.699523925781
11.9662921348315,61.2340425531915,573.109497070312
12.1348314606742,61.2340425531915,681.642944335938
12.3033707865169,61.2340425531915,629.562927246094
12.4719101123596,61.2340425531915,529.392944335938
12.6404494382022,61.2340425531915,549.842956542969
12.8089887640449,61.2340425531915,541.972961425781
12.9775280898876,61.2340425531915,580.112915039062
13.1460674157303,61.2340425531915,499.475708007812
13.314606741573,61.2340425531915,503.775695800781
13.4831460674157,61.2340425531915,459.985717773438
13.6516853932584,61.2340425531915,450.775695800781
13.8202247191011,61.2340425531915,421.095703125
13.9887640449438,61.2340425531915,413.405700683594
14.1573033707865,61.2340425531915,346.445709228516
14.3258426966292,61.2340425531915,432.168151855469
14.4943820224719,61.2340425531915,457.908172607422
14.6629213483146,61.2340425531915,399.1181640625
14.8314606741573,61.2340425531915,371.738159179688
15,61.2340425531915,364.498168945312
0,61.063829787234,-148.717498779297
0.168539325842697,61.063829787234,-151.047500610352
0.337078651685393,61.063829787234,-157.860015869141
0.50561797752809,61.063829787234,-155.010009765625
0.674157303370786,61.063829787234,-157.490005493164
0.842696629213483,61.063829787234,-154.970016479492
1.01123595505618,61.063829787234,-151.120010375977
1.17977528089888,61.063829787234,-145.920013427734
1.34831460674157,61.063829787234,-144.287490844727
1.51685393258427,61.063829787234,-143.317489624023
1.68539325842697,61.063829787234,-141.027481079102
1.85393258426966,61.063829787234,-138.817489624023
2.02247191011236,61.063829787234,-136.407485961914
2.19101123595506,61.063829787234,-137.077484130859
2.35955056179775,61.063829787234,-219.365005493164
2.52808988764045,61.063829787234,-258.875
2.69662921348315,61.063829787234,-291.744995117188
2.86516853932584,61.063829787234,-338.345001220703
3.03370786516854,61.063829787234,-365.845001220703
3.20224719101124,61.063829787234,-363.595001220703
3.37078651685393,61.063829787234,-363.904998779297
3.53932584269663,61.063829787234,-362.072418212891
3.70786516853933,61.063829787234,-352.21240234375
3.87640449438202,61.063829787234,-352.96240234375
4.04494382022472,61.063829787234,-352.822418212891
4.21348314606742,61.063829787234,-368.422393798828
4.38202247191011,61.063829787234,-203.64241027832
4.55056179775281,61.063829787234,-165.507034301758
4.71910112359551,61.063829787234,-59.5870399475098
4.8876404494382,61.063829787234,39.3929595947266
5.0561797752809,61.063829787234,-49.5670394897461
5.2247191011236,61.063829787234,-157.837036132812
5.39325842696629,61.063829787234,172.192962646484
5.56179775280899,61.063829787234,-4.20703840255737
5.73033707865169,61.063829787234,-110.238067626953
5.89887640449438,61.063829787234,128.971939086914
6.06741573033708,61.063829787234,32.4719314575195
6.23595505617978,61.063829787234,100.351928710938
6.40449438202247,61.063829787234,161.271926879883
6.57303370786517,61.063829787234,-181.108062744141
6.74157303370786,61.063829787234,318.503265380859
6.91011235955056,61.063829787234,137.563262939453
7.07865168539326,61.063829787234,299.34326171875
7.24719101123596,61.063829787234,380.913269042969
7.41573033707865,61.063829787234,236.143264770508
7.58426966292135,61.063829787234,768.443237304688
7.75280898876404,61.063829787234,1234.44104003906
7.92134831460674,61.063829787234,1230.55102539062
8.08988764044944,61.063829787234,1195.72106933594
8.25842696629213,61.063829787234,1339.75109863281
8.42696629213483,61.063829787234,1112.71105957031
8.59550561797753,61.063829787234,956.171020507812
8.76404494382022,61.063829787234,856.06103515625
8.93258426966292,61.063829787234,780.120056152344
9.10112359550562,61.063829787234,765.870056152344
9.26966292134831,61.063829787234,962.600036621094
9.43820224719101,61.063829787234,948.930053710938
9.60674157303371,61.063829787234,939.430053710938
9.7752808988764,61.063829787234,1011.45007324219
9.9438202247191,61.063829787234,843.330688476562
10.1123595505618,61.063829787234,845.390686035156
10.2808988764045,61.063829787234,644.900695800781
10.4494382022472,61.063829787234,396.020690917969
10.6179775280899,61.063829787234,659.030700683594
10.7865168539326,61.063829787234,755.650695800781
10.9550561797753,61.063829787234,722.830688476562
11.123595505618,61.063829787234,665.247497558594
11.2921348314607,61.063829787234,476.197509765625
11.4606741573034,61.063829787234,297.107513427734
11.6292134831461,61.063829787234,362.697509765625
11.7977528089888,61.063829787234,601.367492675781
11.9662921348315,61.063829787234,554.647521972656
12.1348314606742,61.063829787234,552.933044433594
12.3033707865169,61.063829787234,537.743103027344
12.4719101123596,61.063829787234,434.573059082031
12.6404494382022,61.063829787234,418.703063964844
12.8089887640449,61.063829787234,430.613067626953
12.9775280898876,61.063829787234,519.813049316406
13.1460674157303,61.063829787234,702.149353027344
13.314606741573,61.063829787234,517.289306640625
13.4831460674157,61.063829787234,504.689331054688
13.6516853932584,61.063829787234,439.239318847656
13.8202247191011,61.063829787234,452.269317626953
13.9887640449438,61.063829787234,429.119323730469
14.1573033707865,61.063829787234,335.659332275391
14.3258426966292,61.063829787234,331.982482910156
14.4943820224719,61.063829787234,245.952484130859
14.6629213483146,61.063829787234,226.442474365234
14.8314606741573,61.063829787234,278.692474365234
15,61.063829787234,322.772491455078
0,60.8936170212766,-151.427505493164
0.168539325842697,60.8936170212766,-132.587509155273
0.337078651685393,60.8936170212766,-126.530006408691
0.50561797752809,60.8936170212766,-137.700012207031
0.674157303370786,60.8936170212766,-143.640014648438
0.842696629213483,60.8936170212766,-145.830017089844
1.01123595505618,60.8936170212766,-146.120010375977
1.17977528089888,60.8936170212766,-144.570007324219
1.34831460674157,60.8936170212766,-138.827484130859
1.51685393258427,60.8936170212766,-134.967483520508
1.68539325842697,60.8936170212766,-129.087493896484
1.85393258426966,60.8936170212766,-126.937484741211
2.02247191011236,60.8936170212766,-125.627487182617
2.19101123595506,60.8936170212766,-124.367485046387
2.35955056179775,60.8936170212766,-123.945007324219
2.52808988764045,60.8936170212766,-124.295013427734
2.69662921348315,60.8936170212766,-151.945007324219
2.86516853932584,60.8936170212766,-198.325012207031
3.03370786516854,60.8936170212766,-310.085021972656
3.20224719101124,60.8936170212766,-345.654998779297
3.37078651685393,60.8936170212766,-340.045013427734
3.53932584269663,60.8936170212766,-335.912414550781
3.70786516853933,60.8936170212766,-337.21240234375
3.87640449438202,60.8936170212766,-332.452392578125
4.04494382022472,60.8936170212766,-336.652404785156
4.21348314606742,60.8936170212766,-359.952392578125
4.38202247191011,60.8936170212766,-301.882415771484
4.55056179775281,60.8936170212766,-201.54704284668
4.71910112359551,60.8936170212766,-168.377044677734
4.8876404494382,60.8936170212766,-48.5670394897461
5.0561797752809,60.8936170212766,49.9229621887207
5.2247191011236,60.8936170212766,145.912963867188
5.39325842696629,60.8936170212766,298.212951660156
5.56179775280899,60.8936170212766,411.302947998047
5.73033707865169,60.8936170212766,679.931945800781
5.89887640449438,60.8936170212766,693.941955566406
6.06741573033708,60.8936170212766,885.631958007812
6.23595505617978,60.8936170212766,884.621948242188
6.40449438202247,60.8936170212766,820.431945800781
6.57303370786517,60.8936170212766,950.131958007812
6.74157303370786,60.8936170212766,846.533264160156
6.91011235955056,60.8936170212766,1021.92327880859
7.07865168539326,60.8936170212766,676.723266601562
7.24719101123596,60.8936170212766,975.233276367188
7.41573033707865,60.8936170212766,1152.17321777344
7.58426966292135,60.8936170212766,1388.18322753906
7.75280898876404,60.8936170212766,1552.43103027344
7.92134831460674,60.8936170212766,1433.03100585938
8.08988764044944,60.8936170212766,1480.26110839844
8.25842696629213,60.8936170212766,1340.92102050781
8.42696629213483,60.8936170212766,1072.0810546875
8.59550561797753,60.8936170212766,1138.11108398438
8.76404494382022,60.8936170212766,957.781066894531
8.93258426966292,60.8936170212766,927.890075683594
9.10112359550562,60.8936170212766,910.650024414062
9.26966292134831,60.8936170212766,851.660034179688
9.43820224719101,60.8936170212766,760.5400390625
9.60674157303371,60.8936170212766,695.460083007812
9.7752808988764,60.8936170212766,603.980041503906
9.9438202247191,60.8936170212766,613.750671386719
10.1123595505618,60.8936170212766,431.250701904297
10.2808988764045,60.8936170212766,508.550689697266
10.4494382022472,60.8936170212766,532.660705566406
10.6179775280899,60.8936170212766,392.250701904297
10.7865168539326,60.8936170212766,196.650695800781
10.9550561797753,60.8936170212766,266.910705566406
11.123595505618,60.8936170212766,357.597503662109
11.2921348314607,60.8936170212766,359.917510986328
11.4606741573034,60.8936170212766,313.847503662109
11.6292134831461,60.8936170212766,249.317504882812
11.7977528089888,60.8936170212766,348.357513427734
11.9662921348315,60.8936170212766,396.327514648438
12.1348314606742,60.8936170212766,399.323059082031
12.3033707865169,60.8936170212766,437.39306640625
12.4719101123596,60.8936170212766,422.953063964844
12.6404494382022,60.8936170212766,428.313079833984
12.8089887640449,60.8936170212766,448.743072509766
12.9775280898876,60.8936170212766,445.323059082031
13.1460674157303,60.8936170212766,549.3193359375
13.314606741573,60.8936170212766,519.789306640625
13.4831460674157,60.8936170212766,418.889343261719
13.6516853932584,60.8936170212766,479.009338378906
13.8202247191011,60.8936170212766,393.589324951172
13.9887640449438,60.8936170212766,306.649322509766
14.1573033707865,60.8936170212766,311.739318847656
14.3258426966292,60.8936170212766,318.262481689453
14.4943820224719,60.8936170212766,324.852478027344
14.6629213483146,60.8936170212766,215.272476196289
14.8314606741573,60.8936170212766,162.352478027344
15,60.8936170212766,179.622482299805
0,60.7234042553191,-127.417503356934
0.168539325842697,60.7234042553191,-136.977508544922
0.337078651685393,60.7234042553191,-137.820007324219
0.50561797752809,60.7234042553191,-140.910003662109
0.674157303370786,60.7234042553191,-147.120010375977
0.842696629213483,60.7234042553191,-151.630004882812
1.01123595505618,60.7234042553191,-144.800003051758
1.17977528089888,60.7234042553191,-142.790008544922
1.34831460674157,60.7234042553191,-142.667495727539
1.51685393258427,60.7234042553191,-143.077484130859
1.68539325842697,60.7234042553191,-124.877487182617
1.85393258426966,60.7234042553191,-122.577491760254
2.02247191011236,60.7234042553191,-123.59748840332
2.19101123595506,60.7234042553191,-122.827491760254
2.35955056179775,60.7234042553191,-122.845008850098
2.52808988764045,60.7234042553191,-119.165008544922
2.69662921348315,60.7234042553191,-121.165008544922
2.86516853932584,60.7234042553191,-150.005004882812
3.03370786516854,60.7234042553191,-248.485015869141
3.20224719101124,60.7234042553191,-317.785003662109
3.37078651685393,60.7234042553191,-327.244995117188
3.53932584269663,60.7234042553191,-319.162414550781
3.70786516853933,60.7234042553191,-323.602416992188
3.87640449438202,60.7234042553191,-317.912414550781
4.04494382022472,60.7234042553191,-315.732391357422
4.21348314606742,60.7234042553191,-319.862396240234
4.38202247191011,60.7234042553191,-360.242401123047
4.55056179775281,60.7234042553191,-253.747039794922
4.71910112359551,60.7234042553191,-161.217041015625
4.8876404494382,60.7234042553191,-86.5770416259766
5.0561797752809,60.7234042553191,-57.7970390319824
5.2247191011236,60.7234042553191,9.50296115875244
5.39325842696629,60.7234042553191,151.972961425781
5.56179775280899,60.7234042553191,464.172973632812
5.73033707865169,60.7234042553191,417.121917724609
5.89887640449438,60.7234042553191,725.161926269531
6.06741573033708,60.7234042553191,694.091918945312
6.23595505617978,60.7234042553191,881.031921386719
6.40449438202247,60.7234042553191,521.671936035156
6.57303370786517,60.7234042553191,711.121948242188
6.74157303370786,60.7234042553191,884.643249511719
6.91011235955056,60.7234042553191,963.023254394531
7.07865168539326,60.7234042553191,1193.94323730469
7.24719101123596,60.7234042553191,1356.70324707031
7.41573033707865,60.7234042553191,1453.35327148438
7.58426966292135,60.7234042553191,1403.49328613281
7.75280898876404,60.7234042553191,1327.67102050781
7.92134831460674,60.7234042553191,1213.73107910156
8.08988764044944,60.7234042553191,1149.25109863281
8.25842696629213,60.7234042553191,1287.92102050781
8.42696629213483,60.7234042553191,1072.51110839844
8.59550561797753,60.7234042553191,976.361022949219
8.76404494382022,60.7234042553191,817.951049804688
8.93258426966292,60.7234042553191,686.420043945312
9.10112359550562,60.7234042553191,937.200073242188
9.26966292134831,60.7234042553191,1022.09002685547
9.43820224719101,60.7234042553191,904.650024414062
9.60674157303371,60.7234042553191,780.350036621094
9.7752808988764,60.7234042553191,605.700073242188
9.9438202247191,60.7234042553191,641.920715332031
10.1123595505618,60.7234042553191,615.250671386719
10.2808988764045,60.7234042553191,396.040679931641
10.4494382022472,60.7234042553191,520.360717773438
10.6179775280899,60.7234042553191,390.760681152344
10.7865168539326,60.7234042553191,299.70068359375
10.9550561797753,60.7234042553191,194.500686645508
11.123595505618,60.7234042553191,170.147506713867
11.2921348314607,60.7234042553191,190.977508544922
11.4606741573034,60.7234042553191,295.577514648438
11.6292134831461,60.7234042553191,351.417510986328
11.7977528089888,60.7234042553191,223.377502441406
11.9662921348315,60.7234042553191,283.677490234375
12.1348314606742,60.7234042553191,332.4130859375
12.3033707865169,60.7234042553191,324.803070068359
12.4719101123596,60.7234042553191,370.223083496094
12.6404494382022,60.7234042553191,419.993072509766
12.8089887640449,60.7234042553191,364.253082275391
12.9775280898876,60.7234042553191,378.313079833984
13.1460674157303,60.7234042553191,470.679321289062
13.314606741573,60.7234042553191,464.039337158203
13.4831460674157,60.7234042553191,425.059326171875
13.6516853932584,60.7234042553191,362.769317626953
13.8202247191011,60.7234042553191,349.809326171875
13.9887640449438,60.7234042553191,347.719329833984
14.1573033707865,60.7234042553191,326.079315185547
14.3258426966292,60.7234042553191,331.922485351562
14.4943820224719,60.7234042553191,378.872467041016
14.6629213483146,60.7234042553191,314.212463378906
14.8314606741573,60.7234042553191,251.102478027344
15,60.7234042553191,254.702484130859
0,60.5531914893617,-117.057502746582
0.168539325842697,60.5531914893617,-135.9375
0.337078651685393,60.5531914893617,-140.280014038086
0.50561797752809,60.5531914893617,-137.790008544922
0.674157303370786,60.5531914893617,-135.960006713867
0.842696629213483,60.5531914893617,-141.420013427734
1.01123595505618,60.5531914893617,-137.980010986328
1.17977528089888,60.5531914893617,-135.420013427734
1.34831460674157,60.5531914893617,-133.107482910156
1.51685393258427,60.5531914893617,-131.807495117188
1.68539325842697,60.5531914893617,-128.777481079102
1.85393258426966,60.5531914893617,-123.657485961914
2.02247191011236,60.5531914893617,-123.477485656738
2.19101123595506,60.5531914893617,-123.877487182617
2.35955056179775,60.5531914893617,-113.005012512207
2.52808988764045,60.5531914893617,-110.265007019043
2.69662921348315,60.5531914893617,-109.395011901855
2.86516853932584,60.5531914893617,-115.385009765625
3.03370786516854,60.5531914893617,-195.275009155273
3.20224719101124,60.5531914893617,-263.575012207031
3.37078651685393,60.5531914893617,-304.494995117188
3.53932584269663,60.5531914893617,-308.812408447266
3.70786516853933,60.5531914893617,-302.46240234375
3.87640449438202,60.5531914893617,-305.622406005859
4.04494382022472,60.5531914893617,-300.792419433594
4.21348314606742,60.5531914893617,-303.46240234375
4.38202247191011,60.5531914893617,-335.342407226562
4.55056179775281,60.5531914893617,-344.027038574219
4.71910112359551,60.5531914893617,-130.217041015625
4.8876404494382,60.5531914893617,-97.0270385742188
5.0561797752809,60.5531914893617,35.0529632568359
5.2247191011236,60.5531914893617,51.3029632568359
5.39325842696629,60.5531914893617,5.38296127319336
5.56179775280899,60.5531914893617,122.062957763672
5.73033707865169,60.5531914893617,438.261932373047
5.89887640449438,60.5531914893617,547.121948242188
6.06741573033708,60.5531914893617,649.271911621094
6.23595505617978,60.5531914893617,586.021911621094
6.40449438202247,60.5531914893617,489.73193359375
6.57303370786517,60.5531914893617,669.381958007812
6.74157303370786,60.5531914893617,720.903259277344
6.91011235955056,60.5531914893617,747.403259277344
7.07865168539326,60.5531914893617,1184.09326171875
7.24719101123596,60.5531914893617,1276.17321777344
7.41573033707865,60.5531914893617,1478.51330566406
7.58426966292135,60.5531914893617,1435.64331054688
7.75280898876404,60.5531914893617,1395.541015625
7.92134831460674,60.5531914893617,1379.02099609375
8.08988764044944,60.5531914893617,1149.11108398438
8.25842696629213,60.5531914893617,995.901062011719
8.42696629213483,60.5531914893617,883.891052246094
8.59550561797753,60.5531914893617,850.691040039062
8.76404494382022,60.5531914893617,883.991027832031
8.93258426966292,60.5531914893617,901.590026855469
9.10112359550562,60.5531914893617,564.31005859375
9.26966292134831,60.5531914893617,929.780029296875
9.43820224719101,60.5531914893617,868.660034179688
9.60674157303371,60.5531914893617,912.430053710938
9.7752808988764,60.5531914893617,516.5400390625
9.9438202247191,60.5531914893617,309.590698242188
10.1123595505618,60.5531914893617,505.410705566406
10.2808988764045,60.5531914893617,441.860687255859
10.4494382022472,60.5531914893617,488.750701904297
10.6179775280899,60.5531914893617,451.060699462891
10.7865168539326,60.5531914893617,422.20068359375
10.9550561797753,60.5531914893617,466.680694580078
11.123595505618,60.5531914893617,319.467498779297
11.2921348314607,60.5531914893617,231.537506103516
11.4606741573034,60.5531914893617,377.987518310547
11.6292134831461,60.5531914893617,434.327514648438
11.7977528089888,60.5531914893617,331.647491455078
11.9662921348315,60.5531914893617,214.717498779297
12.1348314606742,60.5531914893617,206.023071289062
12.3033707865169,60.5531914893617,320.603088378906
12.4719101123596,60.5531914893617,459.1630859375
12.6404494382022,60.5531914893617,458.193084716797
12.8089887640449,60.5531914893617,422.093078613281
12.9775280898876,60.5531914893617,431.173065185547
13.1460674157303,60.5531914893617,327.589324951172
13.314606741573,60.5531914893617,405.329315185547
13.4831460674157,60.5531914893617,459.199340820312
13.6516853932584,60.5531914893617,460.359313964844
13.8202247191011,60.5531914893617,357.829315185547
13.9887640449438,60.5531914893617,358.489318847656
14.1573033707865,60.5531914893617,342.839324951172
14.3258426966292,60.5531914893617,294.692474365234
14.4943820224719,60.5531914893617,283.742492675781
14.6629213483146,60.5531914893617,343.382476806641
14.8314606741573,60.5531914893617,304.392486572266
15,60.5531914893617,268.892486572266
0,60.3829787234043,-123.787506103516
0.168539325842697,60.3829787234043,-135.587509155273
0.337078651685393,60.3829787234043,-135.020004272461
0.50561797752809,60.3829787234043,-134.940002441406
0.674157303370786,60.3829787234043,-145.780014038086
0.842696629213483,60.3829787234043,-138.770004272461
1.01123595505618,60.3829787234043,-140.040008544922
1.17977528089888,60.3829787234043,-136.620010375977
1.34831460674157,60.3829787234043,-129.057495117188
1.51685393258427,60.3829787234043,-121.457489013672
1.68539325842697,60.3829787234043,-116.547485351562
1.85393258426966,60.3829787234043,-104.107490539551
2.02247191011236,60.3829787234043,-110.397491455078
2.19101123595506,60.3829787234043,-114.887489318848
2.35955056179775,60.3829787234043,-96.6450119018555
2.52808988764045,60.3829787234043,-92.3150100708008
2.69662921348315,60.3829787234043,-103.235008239746
2.86516853932584,60.3829787234043,-103.775009155273
3.03370786516854,60.3829787234043,-154.575012207031
3.20224719101124,60.3829787234043,-230.875015258789
3.37078651685393,60.3829787234043,-291.89501953125
3.53932584269663,60.3829787234043,-306.142395019531
3.70786516853933,60.3829787234043,-295.992401123047
3.87640449438202,60.3829787234043,-295.262390136719
4.04494382022472,60.3829787234043,-298.152404785156
4.21348314606742,60.3829787234043,-292.992401123047
4.38202247191011,60.3829787234043,-301.402404785156
4.55056179775281,60.3829787234043,-333.547027587891
4.71910112359551,60.3829787234043,-277.657043457031
4.8876404494382,60.3829787234043,-84.8170394897461
5.0561797752809,60.3829787234043,-20.6270389556885
5.2247191011236,60.3829787234043,-36.2070388793945
5.39325842696629,60.3829787234043,147.482955932617
5.56179775280899,60.3829787234043,229.252960205078
5.73033707865169,60.3829787234043,526.841918945312
5.89887640449438,60.3829787234043,761.611938476562
6.06741573033708,60.3829787234043,849.48193359375
6.23595505617978,60.3829787234043,677.941955566406
6.40449438202247,60.3829787234043,426.391937255859
6.57303370786517,60.3829787234043,275.641937255859
6.74157303370786,60.3829787234043,312.013275146484
6.91011235955056,60.3829787234043,629.723266601562
7.07865168539326,60.3829787234043,755.663269042969
7.24719101123596,60.3829787234043,978.793273925781
7.41573033707865,60.3829787234043,1247.72326660156
7.58426966292135,60.3829787234043,1251.81323242188
7.75280898876404,60.3829787234043,1169.791015625
7.92134831460674,60.3829787234043,1162.53100585938
8.08988764044944,60.3829787234043,1152.68103027344
8.25842696629213,60.3829787234043,1051.71105957031
8.42696629213483,60.3829787234043,944.011047363281
8.59550561797753,60.3829787234043,914.411071777344
8.76404494382022,60.3829787234043,915.921020507812
8.93258426966292,60.3829787234043,892.850036621094
9.10112359550562,60.3829787234043,831.81005859375
9.26966292134831,60.3829787234043,688.240051269531
9.43820224719101,60.3829787234043,641.180053710938
9.60674157303371,60.3829787234043,739.300048828125
9.7752808988764,60.3829787234043,762.010070800781
9.9438202247191,60.3829787234043,703.70068359375
10.1123595505618,60.3829787234043,289.400695800781
10.2808988764045,60.3829787234043,367.920684814453
10.4494382022472,60.3829787234043,263.500701904297
10.6179775280899,60.3829787234043,538.760681152344
10.7865168539326,60.3829787234043,596.360717773438
10.9550561797753,60.3829787234043,556.360717773438
11.123595505618,60.3829787234043,361.887512207031
11.2921348314607,60.3829787234043,286.547515869141
11.4606741573034,60.3829787234043,345.197509765625
11.6292134831461,60.3829787234043,292.627502441406
11.7977528089888,60.3829787234043,426.457489013672
11.9662921348315,60.3829787234043,280.097503662109
12.1348314606742,60.3829787234043,180.553070068359
12.3033707865169,60.3829787234043,299.803070068359
12.4719101123596,60.3829787234043,365.433074951172
12.6404494382022,60.3829787234043,399.423065185547
12.8089887640449,60.3829787234043,420.803070068359
12.9775280898876,60.3829787234043,330.093078613281
13.1460674157303,60.3829787234043,281.179321289062
13.314606741573,60.3829787234043,288.429321289062
13.4831460674157,60.3829787234043,370.769317626953
13.6516853932584,60.3829787234043,442.559326171875
13.8202247191011,60.3829787234043,336.529327392578
13.9887640449438,60.3829787234043,297.219329833984
14.1573033707865,60.3829787234043,310.929321289062
14.3258426966292,60.3829787234043,267.302490234375
14.4943820224719,60.3829787234043,259.592468261719
14.6629213483146,60.3829787234043,249.622482299805
14.8314606741573,60.3829787234043,254.762481689453
15,60.3829787234043,255.29248046875
0,60.2127659574468,-143.707504272461
0.168539325842697,60.2127659574468,-147.297500610352
0.337078651685393,60.2127659574468,-131.630004882812
0.50561797752809,60.2127659574468,-150.820007324219
0.674157303370786,60.2127659574468,-148.150009155273
0.842696629213483,60.2127659574468,-152.660003662109
1.01123595505618,60.2127659574468,-138.880004882812
1.17977528089888,60.2127659574468,-131.150009155273
1.34831460674157,60.2127659574468,-114.137489318848
1.51685393258427,60.2127659574468,-113.117485046387
1.68539325842697,60.2127659574468,-105.357490539551
1.85393258426966,60.2127659574468,-103.887489318848
2.02247191011236,60.2127659574468,-100.177490234375
2.19101123595506,60.2127659574468,-97.7174911499023
2.35955056179775,60.2127659574468,-105.71501159668
2.52808988764045,60.2127659574468,-101.755012512207
2.69662921348315,60.2127659574468,-100.175010681152
2.86516853932584,60.2127659574468,-110.575012207031
3.03370786516854,60.2127659574468,-140.685012817383
3.20224719101124,60.2127659574468,-221.96501159668
3.37078651685393,60.2127659574468,-276.625
3.53932584269663,60.2127659574468,-291.262390136719
3.70786516853933,60.2127659574468,-292.872406005859
3.87640449438202,60.2127659574468,-292.492401123047
4.04494382022472,60.2127659574468,-294.942413330078
4.21348314606742,60.2127659574468,-296.122406005859
4.38202247191011,60.2127659574468,-300.102416992188
4.55056179775281,60.2127659574468,-313.317047119141
4.71910112359551,60.2127659574468,-310.077026367188
4.8876404494382,60.2127659574468,-214.407043457031
5.0561797752809,60.2127659574468,-85.2570419311523
5.2247191011236,60.2127659574468,-178.487045288086
5.39325842696629,60.2127659574468,71.7029647827148
5.56179775280899,60.2127659574468,-23.927038192749
5.73033707865169,60.2127659574468,260.581939697266
5.89887640449438,60.2127659574468,201.811935424805
6.06741573033708,60.2127659574468,-190.488067626953
6.23595505617978,60.2127659574468,471.951934814453
6.40449438202247,60.2127659574468,1227.13195800781
6.57303370786517,60.2127659574468,461.651947021484
6.74157303370786,60.2127659574468,1309.05322265625
6.91011235955056,60.2127659574468,1368.38330078125
7.07865168539326,60.2127659574468,1272.9033203125
7.24719101123596,60.2127659574468,1322.24328613281
7.41573033707865,60.2127659574468,1306.51330566406
7.58426966292135,60.2127659574468,1263.5732421875
7.75280898876404,60.2127659574468,1252.87109375
7.92134831460674,60.2127659574468,1268.86108398438
8.08988764044944,60.2127659574468,1265.59106445312
8.25842696629213,60.2127659574468,1207.70104980469
8.42696629213483,60.2127659574468,1211.38110351562
8.59550561797753,60.2127659574468,1104.74108886719
8.76404494382022,60.2127659574468,1110.10107421875
8.93258426966292,60.2127659574468,962.020080566406
9.10112359550562,60.2127659574468,772.090026855469
9.26966292134831,60.2127659574468,767.070068359375
9.43820224719101,60.2127659574468,510.81005859375
9.60674157303371,60.2127659574468,631.480041503906
9.7752808988764,60.2127659574468,302.400054931641
9.9438202247191,60.2127659574468,366.720703125
10.1123595505618,60.2127659574468,294.340698242188
10.2808988764045,60.2127659574468,187.990692138672
10.4494382022472,60.2127659574468,502.920684814453
10.6179775280899,60.2127659574468,506.360687255859
10.7865168539326,60.2127659574468,411.570678710938
10.9550561797753,60.2127659574468,421.210693359375
11.123595505618,60.2127659574468,194.007507324219
11.2921348314607,60.2127659574468,204.327499389648
11.4606741573034,60.2127659574468,186.837509155273
11.6292134831461,60.2127659574468,162.287506103516
11.7977528089888,60.2127659574468,252.227508544922
11.9662921348315,60.2127659574468,270.887512207031
12.1348314606742,60.2127659574468,202.093078613281
12.3033707865169,60.2127659574468,314.963073730469
12.4719101123596,60.2127659574468,304.843078613281
12.6404494382022,60.2127659574468,352.953063964844
12.8089887640449,60.2127659574468,286.103088378906
12.9775280898876,60.2127659574468,164.003067016602
13.1460674157303,60.2127659574468,186.249328613281
13.314606741573,60.2127659574468,263.059326171875
13.4831460674157,60.2127659574468,238.459335327148
13.6516853932584,60.2127659574468,213.409332275391
13.8202247191011,60.2127659574468,275.229339599609
13.9887640449438,60.2127659574468,311.619323730469
14.1573033707865,60.2127659574468,354.439331054688
14.3258426966292,60.2127659574468,319.672485351562
14.4943820224719,60.2127659574468,364.442474365234
14.6629213483146,60.2127659574468,346.102478027344
14.8314606741573,60.2127659574468,275.502471923828
15,60.2127659574468,246.432479858398
0,60.0425531914894,-151.4375
0.168539325842697,60.0425531914894,-143.137496948242
0.337078651685393,60.0425531914894,-122.044982910156
0.50561797752809,60.0425531914894,-127.754981994629
0.674157303370786,60.0425531914894,-127.574981689453
0.842696629213483,60.0425531914894,-128.834991455078
1.01123595505618,60.0425531914894,-126.804985046387
1.17977528089888,60.0425531914894,-122.844985961914
1.34831460674157,60.0425531914894,-101.919990539551
1.51685393258427,60.0425531914894,-107.669990539551
1.68539325842697,60.0425531914894,-104.229988098145
1.85393258426966,60.0425531914894,-103.289993286133
2.02247191011236,60.0425531914894,-103.419990539551
2.19101123595506,60.0425531914894,-101.749992370605
2.35955056179775,60.0425531914894,-109.835029602051
2.52808988764045,60.0425531914894,-106.045028686523
2.69662921348315,60.0425531914894,-104.355033874512
2.86516853932584,60.0425531914894,-112.305030822754
3.03370786516854,60.0425531914894,-145.645034790039
3.20224719101124,60.0425531914894,-224.285034179688
3.37078651685393,60.0425531914894,-267.595031738281
3.53932584269663,60.0425531914894,-282.16748046875
3.70786516853933,60.0425531914894,-286.777496337891
3.87640449438202,60.0425531914894,-282.66748046875
4.04494382022472,60.0425531914894,-285.307495117188
4.21348314606742,60.0425531914894,-289.927490234375
4.38202247191011,60.0425531914894,-275.287475585938
4.55056179775281,60.0425531914894,-288.096343994141
4.71910112359551,60.0425531914894,-307.206329345703
4.8876404494382,60.0425531914894,-278.656341552734
5.0561797752809,60.0425531914894,-51.856330871582
5.2247191011236,60.0425531914894,-105.49633026123
5.39325842696629,60.0425531914894,-157.616333007812
5.56179775280899,60.0425531914894,-96.1863327026367
5.73033707865169,60.0425531914894,131.510070800781
5.89887640449438,60.0425531914894,-123.709930419922
6.06741573033708,60.0425531914894,182.430068969727
6.23595505617978,60.0425531914894,716.570068359375
6.40449438202247,60.0425531914894,1083.92004394531
6.57303370786517,60.0425531914894,794.800048828125
6.74157303370786,60.0425531914894,1203.32739257812
6.91011235955056,60.0425531914894,1352.66735839844
7.07865168539326,60.0425531914894,1326.01745605469
7.24719101123596,60.0425531914894,1274.89733886719
7.41573033707865,60.0425531914894,1254.07739257812
7.58426966292135,60.0425531914894,1241.50744628906
7.75280898876404,60.0425531914894,1199.77416992188
7.92134831460674,60.0425531914894,1261.54418945312
8.08988764044944,60.0425531914894,1252.67419433594
8.25842696629213,60.0425531914894,1216.71423339844
8.42696629213483,60.0425531914894,1170.77416992188
8.59550561797753,60.0425531914894,1062.04418945312
8.76404494382022,60.0425531914894,826.57421875
8.93258426966292,60.0425531914894,920.927856445312
9.10112359550562,60.0425531914894,555.5478515625
9.26966292134831,60.0425531914894,605.727844238281
9.43820224719101,60.0425531914894,562.647888183594
9.60674157303371,60.0425531914894,307.237854003906
9.7752808988764,60.0425531914894,275.767852783203
9.9438202247191,60.0425531914894,244.493041992188
10.1123595505618,60.0425531914894,148.973037719727
10.2808988764045,60.0425531914894,80.7730407714844
10.4494382022472,60.0425531914894,473.863037109375
10.6179775280899,60.0425531914894,390.313049316406
10.7865168539326,60.0425531914894,363.863037109375
10.9550561797753,60.0425531914894,266.563049316406
11.123595505618,60.0425531914894,152.79216003418
11.2921348314607,60.0425531914894,157.112167358398
11.4606741573034,60.0425531914894,167.022171020508
11.6292134831461,60.0425531914894,216.682159423828
11.7977528089888,60.0425531914894,290.012176513672
11.9662921348315,60.0425531914894,328.782165527344
12.1348314606742,60.0425531914894,238.201171875
12.3033707865169,60.0425531914894,242.171173095703
12.4719101123596,60.0425531914894,266.501190185547
12.6404494382022,60.0425531914894,312.881164550781
12.8089887640449,60.0425531914894,292.901184082031
12.9775280898876,60.0425531914894,248.031173706055
13.1460674157303,60.0425531914894,153.959991455078
13.314606741573,60.0425531914894,233.079986572266
13.4831460674157,60.0425531914894,266.219970703125
13.6516853932584,60.0425531914894,162.719985961914
13.8202247191011,60.0425531914894,233.799987792969
13.9887640449438,60.0425531914894,284.139984130859
14.1573033707865,60.0425531914894,313.169982910156
14.3258426966292,60.0425531914894,262.378631591797
14.4943820224719,60.0425531914894,328.518646240234
14.6629213483146,60.0425531914894,324.178619384766
14.8314606741573,60.0425531914894,313.538635253906
15,60.0425531914894,320.968627929688
0,59.8723404255319,-134.867492675781
0.168539325842697,59.8723404255319,-127.587501525879
0.337078651685393,59.8723404255319,-112.924987792969
0.50561797752809,59.8723404255319,-126.004981994629
0.674157303370786,59.8723404255319,-127.704986572266
0.842696629213483,59.8723404255319,-122.494987487793
1.01123595505618,59.8723404255319,-120.434982299805
1.17977528089888,59.8723404255319,-116.27498626709
1.34831460674157,59.8723404255319,-106.56999206543
1.51685393258427,59.8723404255319,-108.979988098145
1.68539325842697,59.8723404255319,-103.349990844727
1.85393258426966,59.8723404255319,-103.049987792969
2.02247191011236,59.8723404255319,-102.539993286133
2.19101123595506,59.8723404255319,-104.009994506836
2.35955056179775,59.8723404255319,-111.825035095215
2.52808988764045,59.8723404255319,-113.965034484863
2.69662921348315,59.8723404255319,-112.695030212402
2.86516853932584,59.8723404255319,-112.705032348633
3.03370786516854,59.8723404255319,-144.255035400391
3.20224719101124,59.8723404255319,-211.095031738281
3.37078651685393,59.8723404255319,-260.255035400391
3.53932584269663,59.8723404255319,-274.677490234375
3.70786516853933,59.8723404255319,-288.867492675781
3.87640449438202,59.8723404255319,-284.767486572266
4.04494382022472,59.8723404255319,-280.777496337891
4.21348314606742,59.8723404255319,-285.967498779297
4.38202247191011,59.8723404255319,-278.217498779297
4.55056179775281,59.8723404255319,-247.066329956055
4.71910112359551,59.8723404255319,-243.346328735352
4.8876404494382,59.8723404255319,-249.506332397461
5.0561797752809,59.8723404255319,-65.1763305664062
5.2247191011236,59.8723404255319,-64.2063293457031
5.39325842696629,59.8723404255319,166.643676757812
5.56179775280899,59.8723404255319,118.733673095703
5.73033707865169,59.8723404255319,19.1600704193115
5.89887640449438,59.8723404255319,247.510070800781
6.06741573033708,59.8723404255319,613.390075683594
6.23595505617978,59.8723404255319,972.930053710938
6.40449438202247,59.8723404255319,902.720092773438
6.57303370786517,59.8723404255319,733.300048828125
6.74157303370786,59.8723404255319,1078.55737304688
6.91011235955056,59.8723404255319,1208.82739257812
7.07865168539326,59.8723404255319,1450.76745605469
7.24719101123596,59.8723404255319,1252.83740234375
7.41573033707865,59.8723404255319,1232.98742675781
7.58426966292135,59.8723404255319,1243.90734863281
7.75280898876404,59.8723404255319,1366.89416503906
7.92134831460674,59.8723404255319,1246.86413574219
8.08988764044944,59.8723404255319,1186.39416503906
8.25842696629213,59.8723404255319,1212.12414550781
8.42696629213483,59.8723404255319,1126.79418945312
8.59550561797753,59.8723404255319,980.704223632812
8.76404494382022,59.8723404255319,699.374206542969
8.93258426966292,59.8723404255319,606.967834472656
9.10112359550562,59.8723404255319,803.327880859375
9.26966292134831,59.8723404255319,642.537841796875
9.43820224719101,59.8723404255319,442.637878417969
9.60674157303371,59.8723404255319,396.627868652344
9.7752808988764,59.8723404255319,220.027862548828
9.9438202247191,59.8723404255319,161.533050537109
10.1123595505618,59.8723404255319,448.393035888672
10.2808988764045,59.8723404255319,405.693054199219
10.4494382022472,59.8723404255319,203.163040161133
10.6179775280899,59.8723404255319,130.183044433594
10.7865168539326,59.8723404255319,110.973045349121
10.9550561797753,59.8723404255319,210.213043212891
11.123595505618,59.8723404255319,151.352157592773
11.2921348314607,59.8723404255319,198.132171630859
11.4606741573034,59.8723404255319,215.092163085938
11.6292134831461,59.8723404255319,203.252166748047
11.7977528089888,59.8723404255319,252.432159423828
11.9662921348315,59.8723404255319,218.822158813477
12.1348314606742,59.8723404255319,193.751174926758
12.3033707865169,59.8723404255319,170.961181640625
12.4719101123596,59.8723404255319,177.691177368164
12.6404494382022,59.8723404255319,240.601181030273
12.8089887640449,59.8723404255319,251.351181030273
12.9775280898876,59.8723404255319,224.601181030273
13.1460674157303,59.8723404255319,123.65998840332
13.314606741573,59.8723404255319,169.779983520508
13.4831460674157,59.8723404255319,250.009979248047
13.6516853932584,59.8723404255319,147.539978027344
13.8202247191011,59.8723404255319,277.319976806641
13.9887640449438,59.8723404255319,294.719970703125
14.1573033707865,59.8723404255319,265.379974365234
14.3258426966292,59.8723404255319,283.278625488281
14.4943820224719,59.8723404255319,255.008636474609
14.6629213483146,59.8723404255319,248.328628540039
14.8314606741573,59.8723404255319,256.228637695312
15,59.8723404255319,229.618637084961
0,59.7021276595745,-133.717498779297
0.168539325842697,59.7021276595745,-123.417503356934
0.337078651685393,59.7021276595745,-126.704986572266
0.50561797752809,59.7021276595745,-128.464981079102
0.674157303370786,59.7021276595745,-123.444984436035
0.842696629213483,59.7021276595745,-116.884986877441
1.01123595505618,59.7021276595745,-120.974983215332
1.17977528089888,59.7021276595745,-112.03498840332
1.34831460674157,59.7021276595745,-110.889991760254
1.51685393258427,59.7021276595745,-114.529991149902
1.68539325842697,59.7021276595745,-110.529991149902
1.85393258426966,59.7021276595745,-108.249992370605
2.02247191011236,59.7021276595745,-107.519989013672
2.19101123595506,59.7021276595745,-107.129989624023
2.35955056179775,59.7021276595745,-114.275032043457
2.52808988764045,59.7021276595745,-118.085029602051
2.69662921348315,59.7021276595745,-114.23503112793
2.86516853932584,59.7021276595745,-112.73503112793
3.03370786516854,59.7021276595745,-139.585037231445
3.20224719101124,59.7021276595745,-198.385025024414
3.37078651685393,59.7021276595745,-247.515029907227
3.53932584269663,59.7021276595745,-263.807495117188
3.70786516853933,59.7021276595745,-282.907501220703
3.87640449438202,59.7021276595745,-282.6875
4.04494382022472,59.7021276595745,-279.377502441406
4.21348314606742,59.7021276595745,-280.027496337891
4.38202247191011,59.7021276595745,-286.377502441406
4.55056179775281,59.7021276595745,-268.716339111328
4.71910112359551,59.7021276595745,-236.236328125
4.8876404494382,59.7021276595745,-228.866333007812
5.0561797752809,59.7021276595745,-4.95632934570312
5.2247191011236,59.7021276595745,13.6136703491211
5.39325842696629,59.7021276595745,96.5936737060547
5.56179775280899,59.7021276595745,-77.0763320922852
5.73033707865169,59.7021276595745,115.520072937012
5.89887640449438,59.7021276595745,168.210067749023
6.06741573033708,59.7021276595745,346.660064697266
6.23595505617978,59.7021276595745,532.990051269531
6.40449438202247,59.7021276595745,963.140075683594
6.57303370786517,59.7021276595745,1118.1201171875
6.74157303370786,59.7021276595745,983.117370605469
6.91011235955056,59.7021276595745,1054.8173828125
7.07865168539326,59.7021276595745,1239.33740234375
7.24719101123596,59.7021276595745,1112.357421875
7.41573033707865,59.7021276595745,1013.44738769531
7.58426966292135,59.7021276595745,956.877380371094
7.75280898876404,59.7021276595745,1194.31420898438
7.92134831460674,59.7021276595745,1303.0341796875
8.08988764044944,59.7021276595745,937.454223632812
8.25842696629213,59.7021276595745,968.714172363281
8.42696629213483,59.7021276595745,1100.01416015625
8.59550561797753,59.7021276595745,1009.7841796875
8.76404494382022,59.7021276595745,976.914184570312
8.93258426966292,59.7021276595745,856.307861328125
9.10112359550562,59.7021276595745,654.917846679688
9.26966292134831,59.7021276595745,754.037841796875
9.43820224719101,59.7021276595745,545.587890625
9.60674157303371,59.7021276595745,364.197875976562
9.7752808988764,59.7021276595745,283.197875976562
9.9438202247191,59.7021276595745,181.123046875
10.1123595505618,59.7021276595745,344.523040771484
10.2808988764045,59.7021276595745,185.843048095703
10.4494382022472,59.7021276595745,80.3630447387695
10.6179775280899,59.7021276595745,19.4230442047119
10.7865168539326,59.7021276595745,35.7730445861816
10.9550561797753,59.7021276595745,158.083038330078
11.123595505618,59.7021276595745,190.032165527344
11.2921348314607,59.7021276595745,179.872161865234
11.4606741573034,59.7021276595745,214.832168579102
11.6292134831461,59.7021276595745,198.372161865234
11.7977528089888,59.7021276595745,256.122161865234
11.9662921348315,59.7021276595745,245.422164916992
12.1348314606742,59.7021276595745,212.581176757812
12.3033707865169,59.7021276595745,150.591171264648
12.4719101123596,59.7021276595745,141.79118347168
12.6404494382022,59.7021276595745,158.941177368164
12.8089887640449,59.7021276595745,253.551177978516
12.9775280898876,59.7021276595745,268.331176757812
13.1460674157303,59.7021276595745,102.809982299805
13.314606741573,59.7021276595745,166.839981079102
13.4831460674157,59.7021276595745,176.999984741211
13.6516853932584,59.7021276595745,154.109985351562
13.8202247191011,59.7021276595745,237.97998046875
13.9887640449438,59.7021276595745,237.47998046875
14.1573033707865,59.7021276595745,201.40998840332
14.3258426966292,59.7021276595745,248.038635253906
14.4943820224719,59.7021276595745,217.458633422852
14.6629213483146,59.7021276595745,212.138626098633
14.8314606741573,59.7021276595745,206.318634033203
15,59.7021276595745,212.268630981445
0,59.531914893617,-131.337493896484
0.168539325842697,59.531914893617,-127.637496948242
0.337078651685393,59.531914893617,-127.194984436035
0.50561797752809,59.531914893617,-122.514984130859
0.674157303370786,59.531914893617,-121.044982910156
0.842696629213483,59.531914893617,-116.874984741211
1.01123595505618,59.531914893617,-102.874984741211
1.17977528089888,59.531914893617,-103.104988098145
1.34831460674157,59.531914893617,-106.219993591309
1.51685393258427,59.531914893617,-113.40998840332
1.68539325842697,59.531914893617,-121.149993896484
1.85393258426966,59.531914893617,-122.359992980957
2.02247191011236,59.531914893617,-120.459991455078
2.19101123595506,59.531914893617,-120.419990539551
2.35955056179775,59.531914893617,-124.355033874512
2.52808988764045,59.531914893617,-121.035034179688
2.69662921348315,59.531914893617,-116.305030822754
2.86516853932584,59.531914893617,-118.73503112793
3.03370786516854,59.531914893617,-132.705032348633
3.20224719101124,59.531914893617,-160.895034790039
3.37078651685393,59.531914893617,-202.595031738281
3.53932584269663,59.531914893617,-239.927490234375
3.70786516853933,59.531914893617,-269.817504882812
3.87640449438202,59.531914893617,-278.997497558594
4.04494382022472,59.531914893617,-279.307495117188
4.21348314606742,59.531914893617,-273.517486572266
4.38202247191011,59.531914893617,-263.427490234375
4.55056179775281,59.531914893617,-265.176330566406
4.71910112359551,59.531914893617,-242.766326904297
4.8876404494382,59.531914893617,-188.096328735352
5.0561797752809,59.531914893617,-109.74633026123
5.2247191011236,59.531914893617,-43.8263282775879
5.39325842696629,59.531914893617,47.2536697387695
5.56179775280899,59.531914893617,48.0236701965332
5.73033707865169,59.531914893617,225.550064086914
5.89887640449438,59.531914893617,280.06005859375
6.06741573033708,59.531914893617,436.910064697266
6.23595505617978,59.531914893617,437.010070800781
6.40449438202247,59.531914893617,488.990081787109
6.57303370786517,59.531914893617,492.160064697266
6.74157303370786,59.531914893617,792.277404785156
6.91011235955056,59.531914893617,1094.59741210938
7.07865168539326,59.531914893617,1069.88745117188
7.24719101123596,59.531914893617,1055.3173828125
7.41573033707865,59.531914893617,934.287414550781
7.58426966292135,59.531914893617,1260.45739746094
7.75280898876404,59.531914893617,833.274169921875
7.92134831460674,59.531914893617,638.584167480469
8.08988764044944,59.531914893617,741.794189453125
8.25842696629213,59.531914893617,717.644165039062
8.42696629213483,59.531914893617,724.564208984375
8.59550561797753,59.531914893617,580.314208984375
8.76404494382022,59.531914893617,893.394165039062
8.93258426966292,59.531914893617,864.857849121094
9.10112359550562,59.531914893617,343.997863769531
9.26966292134831,59.531914893617,226.497863769531
9.43820224719101,59.531914893617,461.457855224609
9.60674157303371,59.531914893617,554.06787109375
9.7752808988764,59.531914893617,336.877868652344
9.9438202247191,59.531914893617,378.733032226562
10.1123595505618,59.531914893617,168.923049926758
10.2808988764045,59.531914893617,113.913040161133
10.4494382022472,59.531914893617,8.99304389953613
10.6179775280899,59.531914893617,-18.8369560241699
10.7865168539326,59.531914893617,53.1730422973633
10.9550561797753,59.531914893617,68.1330413818359
11.123595505618,59.531914893617,125.232162475586
11.2921348314607,59.531914893617,113.912162780762
11.4606741573034,59.531914893617,171.962158203125
11.6292134831461,59.531914893617,193.012161254883
11.7977528089888,59.531914893617,163.862167358398
11.9662921348315,59.531914893617,190.122161865234
12.1348314606742,59.531914893617,180.651184082031
12.3033707865169,59.531914893617,231.841171264648
12.4719101123596,59.531914893617,158.841171264648
12.6404494382022,59.531914893617,91.8611755371094
12.8089887640449,59.531914893617,83.5611801147461
12.9775280898876,59.531914893617,94.1311798095703
13.1460674157303,59.531914893617,105.219985961914
13.314606741573,59.531914893617,91.0899810791016
13.4831460674157,59.531914893617,89.6399841308594
13.6516853932584,59.531914893617,77.3899841308594
13.8202247191011,59.531914893617,96.2899856567383
13.9887640449438,59.531914893617,125.249984741211
14.1573033707865,59.531914893617,151.959991455078
14.3258426966292,59.531914893617,133.048629760742
14.4943820224719,59.531914893617,217.648635864258
14.6629213483146,59.531914893617,218.898635864258
14.8314606741573,59.531914893617,198.408630371094
15,59.531914893617,173.128631591797
0,59.3617021276596,-133.987503051758
0.168539325842697,59.3617021276596,-134.4375
0.337078651685393,59.3617021276596,-129.544982910156
0.50561797752809,59.3617021276596,-125.144989013672
0.674157303370786,59.3617021276596,-120.854988098145
0.842696629213483,59.3617021276596,-118.734985351562
1.01123595505618,59.3617021276596,-106.894989013672
1.17977528089888,59.3617021276596,-105.724983215332
1.34831460674157,59.3617021276596,-105.489990234375
1.51685393258427,59.3617021276596,-108.529991149902
1.68539325842697,59.3617021276596,-119.389991760254
1.85393258426966,59.3617021276596,-125.15998840332
2.02247191011236,59.3617021276596,-123.479988098145
2.19101123595506,59.3617021276596,-125.149993896484
2.35955056179775,59.3617021276596,-125.975028991699
2.52808988764045,59.3617021276596,-124.925033569336
2.69662921348315,59.3617021276596,-115.845031738281
2.86516853932584,59.3617021276596,-113.265029907227
3.03370786516854,59.3617021276596,-136.275024414062
3.20224719101124,59.3617021276596,-152.095031738281
3.37078651685393,59.3617021276596,-188.195037841797
3.53932584269663,59.3617021276596,-227.837493896484
3.70786516853933,59.3617021276596,-270.447479248047
3.87640449438202,59.3617021276596,-282.097503662109
4.04494382022472,59.3617021276596,-283.637481689453
4.21348314606742,59.3617021276596,-277.177490234375
4.38202247191011,59.3617021276596,-265.307495117188
4.55056179775281,59.3617021276596,-270.786315917969
4.71910112359551,59.3617021276596,-257.556335449219
4.8876404494382,59.3617021276596,-164.296325683594
5.0561797752809,59.3617021276596,-71.0863265991211
5.2247191011236,59.3617021276596,18.4836711883545
5.39325842696629,59.3617021276596,56.0536689758301
5.56179775280899,59.3617021276596,58.0536689758301
5.73033707865169,59.3617021276596,124.49006652832
5.89887640449438,59.3617021276596,-12.3199300765991
6.06741573033708,59.3617021276596,108.480072021484
6.23595505617978,59.3617021276596,229.290069580078
6.40449438202247,59.3617021276596,598.890075683594
6.57303370786517,59.3617021276596,787.120056152344
6.74157303370786,59.3617021276596,1026.12744140625
6.91011235955056,59.3617021276596,1076.54736328125
7.07865168539326,59.3617021276596,1215.92736816406
7.24719101123596,59.3617021276596,1013.94738769531
7.41573033707865,59.3617021276596,890.887390136719
7.58426966292135,59.3617021276596,1132.48742675781
7.75280898876404,59.3617021276596,773.254211425781
7.92134831460674,59.3617021276596,684.07421875
8.08988764044944,59.3617021276596,557.654174804688
8.25842696629213,59.3617021276596,470.084197998047
8.42696629213483,59.3617021276596,407.654205322266
8.59550561797753,59.3617021276596,485.794189453125
8.76404494382022,59.3617021276596,377.394195556641
8.93258426966292,59.3617021276596,370.027862548828
9.10112359550562,59.3617021276596,205.427871704102
9.26966292134831,59.3617021276596,211.927871704102
9.43820224719101,59.3617021276596,481.347869873047
9.60674157303371,59.3617021276596,483.017852783203
9.7752808988764,59.3617021276596,437.847869873047
9.9438202247191,59.3617021276596,241.733047485352
10.1123595505618,59.3617021276596,200.833038330078
10.2808988764045,59.3617021276596,102.95304107666
10.4494382022472,59.3617021276596,-1.41695618629456
10.6179775280899,59.3617021276596,-80.4769592285156
10.7865168539326,59.3617021276596,30.1530437469482
10.9550561797753,59.3617021276596,36.9030456542969
11.123595505618,59.3617021276596,92.2621612548828
11.2921348314607,59.3617021276596,114.652168273926
11.4606741573034,59.3617021276596,127.22216796875
11.6292134831461,59.3617021276596,167.442169189453
11.7977528089888,59.3617021276596,146.782165527344
11.9662921348315,59.3617021276596,125.232162475586
12.1348314606742,59.3617021276596,170.091171264648
12.3033707865169,59.3617021276596,179.821182250977
12.4719101123596,59.3617021276596,202.681182861328
12.6404494382022,59.3617021276596,202.13117980957
12.8089887640449,59.3617021276596,133.691177368164
12.9775280898876,59.3617021276596,93.2211761474609
13.1460674157303,59.3617021276596,82.6599884033203
13.314606741573,59.3617021276596,65.7499847412109
13.4831460674157,59.3617021276596,60.1299858093262
13.6516853932584,59.3617021276596,58.6899833679199
13.8202247191011,59.3617021276596,58.5899848937988
13.9887640449438,59.3617021276596,64.8399810791016
14.1573033707865,59.3617021276596,101.529983520508
14.3258426966292,59.3617021276596,133.228637695312
14.4943820224719,59.3617021276596,136.448638916016
14.6629213483146,59.3617021276596,170.008636474609
14.8314606741573,59.3617021276596,180.548629760742
15,59.3617021276596,200.128631591797
0,59.1914893617021,-133.857498168945
0.168539325842697,59.1914893617021,-132.097503662109
0.337078651685393,59.1914893617021,-130.154983520508
0.50561797752809,59.1914893617021,-135.734985351562
0.674157303370786,59.1914893617021,-129.794982910156
0.842696629213483,59.1914893617021,-119.104988098145
1.01123595505618,59.1914893617021,-106.624984741211
1.17977528089888,59.1914893617021,-110.624984741211
1.34831460674157,59.1914893617021,-107.759994506836
1.51685393258427,59.1914893617021,-109.089988708496
1.68539325842697,59.1914893617021,-116.549987792969
1.85393258426966,59.1914893617021,-119.169990539551
2.02247191011236,59.1914893617021,-119.539993286133
2.19101123595506,59.1914893617021,-122.469993591309
2.35955056179775,59.1914893617021,-126.655029296875
2.52808988764045,59.1914893617021,-126.375030517578
2.69662921348315,59.1914893617021,-118.74503326416
2.86516853932584,59.1914893617021,-107.725028991699
3.03370786516854,59.1914893617021,-139.775024414062
3.20224719101124,59.1914893617021,-151.195037841797
3.37078651685393,59.1914893617021,-183.775024414062
3.53932584269663,59.1914893617021,-221.277496337891
3.70786516853933,59.1914893617021,-268.907501220703
3.87640449438202,59.1914893617021,-283.327484130859
4.04494382022472,59.1914893617021,-286.427490234375
4.21348314606742,59.1914893617021,-279.287475585938
4.38202247191011,59.1914893617021,-261.527496337891
4.55056179775281,59.1914893617021,-276.136322021484
4.71910112359551,59.1914893617021,-266.446319580078
4.8876404494382,59.1914893617021,-149.146331787109
5.0561797752809,59.1914893617021,-46.0863304138184
5.2247191011236,59.1914893617021,27.6936702728271
5.39325842696629,59.1914893617021,-24.3863296508789
5.56179775280899,59.1914893617021,-31.2863292694092
5.73033707865169,59.1914893617021,-165.209930419922
5.89887640449438,59.1914893617021,-127.929931640625
6.06741573033708,59.1914893617021,3.89006948471069
6.23595505617978,59.1914893617021,212.540069580078
6.40449438202247,59.1914893617021,553.960083007812
6.57303370786517,59.1914893617021,843.380065917969
6.74157303370786,59.1914893617021,1040.42736816406
6.91011235955056,59.1914893617021,1106.62744140625
7.07865168539326,59.1914893617021,1061.71740722656
7.24719101123596,59.1914893617021,968.0673828125
7.41573033707865,59.1914893617021,829.757385253906
7.58426966292135,59.1914893617021,802.247375488281
7.75280898876404,59.1914893617021,815.194213867188
7.92134831460674,59.1914893617021,726.57421875
8.08988764044944,59.1914893617021,553.944213867188
8.25842696629213,59.1914893617021,795.964172363281
8.42696629213483,59.1914893617021,396.674194335938
8.59550561797753,59.1914893617021,584.714172363281
8.76404494382022,59.1914893617021,398.014190673828
8.93258426966292,59.1914893617021,478.177856445312
9.10112359550562,59.1914893617021,182.81787109375
9.26966292134831,59.1914893617021,128.917861938477
9.43820224719101,59.1914893617021,148.717864990234
9.60674157303371,59.1914893617021,152.217864990234
9.7752808988764,59.1914893617021,229.107864379883
9.9438202247191,59.1914893617021,157.243041992188
10.1123595505618,59.1914893617021,144.623046875
10.2808988764045,59.1914893617021,80.373046875
10.4494382022472,59.1914893617021,10.003044128418
10.6179775280899,59.1914893617021,-132.926956176758
10.7865168539326,59.1914893617021,-9.57695579528809
10.9550561797753,59.1914893617021,35.3430442810059
11.123595505618,59.1914893617021,40.792163848877
11.2921348314607,59.1914893617021,89.6221618652344
11.4606741573034,59.1914893617021,135.782165527344
11.6292134831461,59.1914893617021,180.032165527344
11.7977528089888,59.1914893617021,137.362167358398
11.9662921348315,59.1914893617021,128.352157592773
12.1348314606742,59.1914893617021,141.841171264648
12.3033707865169,59.1914893617021,138.461181640625
12.4719101123596,59.1914893617021,179.641174316406
12.6404494382022,59.1914893617021,136.581176757812
12.8089887640449,59.1914893617021,89.2811813354492
12.9775280898876,59.1914893617021,101.261177062988
13.1460674157303,59.1914893617021,56.2099838256836
13.314606741573,59.1914893617021,44.5399856567383
13.4831460674157,59.1914893617021,42.7199859619141
13.6516853932584,59.1914893617021,45.8899841308594
13.8202247191011,59.1914893617021,43.0299835205078
13.9887640449438,59.1914893617021,43.3299865722656
14.1573033707865,59.1914893617021,53.7799835205078
14.3258426966292,59.1914893617021,114.698631286621
14.4943820224719,59.1914893617021,119.418632507324
14.6629213483146,59.1914893617021,141.858627319336
14.8314606741573,59.1914893617021,178.388626098633
15,59.1914893617021,139.248626708984
0,59.0212765957447,-138.087493896484
0.168539325842697,59.0212765957447,-125.047500610352
0.337078651685393,59.0212765957447,-131.224990844727
0.50561797752809,59.0212765957447,-129.28498840332
0.674157303370786,59.0212765957447,-123.414985656738
0.842696629213483,59.0212765957447,-124.354988098145
1.01123595505618,59.0212765957447,-115.11498260498
1.17977528089888,59.0212765957447,-115.28498840332
1.34831460674157,59.0212765957447,-114.279991149902
1.51685393258427,59.0212765957447,-114.469993591309
1.68539325842697,59.0212765957447,-117.549987792969
1.85393258426966,59.0212765957447,-115.379989624023
2.02247191011236,59.0212765957447,-116.869987487793
2.19101123595506,59.0212765957447,-115.90998840332
2.35955056179775,59.0212765957447,-124.275032043457
2.52808988764045,59.0212765957447,-123.98503112793
2.69662921348315,59.0212765957447,-122.435028076172
2.86516853932584,59.0212765957447,-118.375030517578
3.03370786516854,59.0212765957447,-149.6650390625
3.20224719101124,59.0212765957447,-159.715026855469
3.37078651685393,59.0212765957447,-182.73503112793
3.53932584269663,59.0212765957447,-223.177490234375
3.70786516853933,59.0212765957447,-269.827484130859
3.87640449438202,59.0212765957447,-285.057495117188
4.04494382022472,59.0212765957447,-289.477478027344
4.21348314606742,59.0212765957447,-282.307495117188
4.38202247191011,59.0212765957447,-257.757476806641
4.55056179775281,59.0212765957447,-267.946319580078
4.71910112359551,59.0212765957447,-264.536315917969
4.8876404494382,59.0212765957447,-244.236328125
5.0561797752809,59.0212765957447,-127.846328735352
5.2247191011236,59.0212765957447,-102.596328735352
5.39325842696629,59.0212765957447,-174.376327514648
5.56179775280899,59.0212765957447,-273.306335449219
5.73033707865169,59.0212765957447,-32.3799285888672
5.89887640449438,59.0212765957447,-38.9399299621582
6.06741573033708,59.0212765957447,150.130065917969
6.23595505617978,59.0212765957447,362.170074462891
6.40449438202247,59.0212765957447,758.780090332031
6.57303370786517,59.0212765957447,837.330078125
6.74157303370786,59.0212765957447,986.347412109375
6.91011235955056,59.0212765957447,942.957397460938
7.07865168539326,59.0212765957447,1119.47741699219
7.24719101123596,59.0212765957447,1052.67736816406
7.41573033707865,59.0212765957447,988.397399902344
7.58426966292135,59.0212765957447,630.707397460938
7.75280898876404,59.0212765957447,842.934204101562
7.92134831460674,59.0212765957447,712.754211425781
8.08988764044944,59.0212765957447,534.314208984375
8.25842696629213,59.0212765957447,612.744201660156
8.42696629213483,59.0212765957447,408.324188232422
8.59550561797753,59.0212765957447,669.05419921875
8.76404494382022,59.0212765957447,529.394165039062
8.93258426966292,59.0212765957447,310.517852783203
9.10112359550562,59.0212765957447,222.097869873047
9.26966292134831,59.0212765957447,197.647857666016
9.43820224719101,59.0212765957447,125.977867126465
9.60674157303371,59.0212765957447,93.4978637695312
9.7752808988764,59.0212765957447,134.467864990234
9.9438202247191,59.0212765957447,94.8130416870117
10.1123595505618,59.0212765957447,65.1430435180664
10.2808988764045,59.0212765957447,42.8030433654785
10.4494382022472,59.0212765957447,-5.52695608139038
10.6179775280899,59.0212765957447,-65.1669540405273
10.7865168539326,59.0212765957447,-98.1169586181641
10.9550561797753,59.0212765957447,-3.02695608139038
11.123595505618,59.0212765957447,0.112164497375488
11.2921348314607,59.0212765957447,54.8421630859375
11.4606741573034,59.0212765957447,92.5621643066406
11.6292134831461,59.0212765957447,140.932159423828
11.7977528089888,59.0212765957447,150.582168579102
11.9662921348315,59.0212765957447,153.592163085938
12.1348314606742,59.0212765957447,148.29118347168
12.3033707865169,59.0212765957447,127.691177368164
12.4719101123596,59.0212765957447,172.401184082031
12.6404494382022,59.0212765957447,122.791175842285
12.8089887640449,59.0212765957447,93.9711761474609
12.9775280898876,59.0212765957447,58.0511779785156
13.1460674157303,59.0212765957447,66.3399810791016
13.314606741573,59.0212765957447,42.9299850463867
13.4831460674157,59.0212765957447,42.4999847412109
13.6516853932584,59.0212765957447,42.4999847412109
13.8202247191011,59.0212765957447,42.4999847412109
13.9887640449438,59.0212765957447,43.559986114502
14.1573033707865,59.0212765957447,52.7699851989746
14.3258426966292,59.0212765957447,85.478630065918
14.4943820224719,59.0212765957447,111.228630065918
14.6629213483146,59.0212765957447,115.648635864258
14.8314606741573,59.0212765957447,86.5286331176758
15,59.0212765957447,66.5386352539062
0,58.8510638297872,-125.162506103516
0.168539325842697,58.8510638297872,-135.142501831055
0.337078651685393,58.8510638297872,-145.585006713867
0.50561797752809,58.8510638297872,-146.214996337891
0.674157303370786,58.8510638297872,-138.745010375977
0.842696629213483,58.8510638297872,-128.434997558594
1.01123595505618,58.8510638297872,-109.685005187988
1.17977528089888,58.8510638297872,-110.815002441406
1.34831460674157,58.8510638297872,-114.824996948242
1.51685393258427,58.8510638297872,-115.144996643066
1.68539325842697,58.8510638297872,-107.644996643066
1.85393258426966,58.8510638297872,-106.804992675781
2.02247191011236,58.8510638297872,-107.134994506836
2.19101123595506,58.8510638297872,-107.814994812012
2.35955056179775,58.8510638297872,-112.049301147461
2.52808988764045,58.8510638297872,-115.209297180176
2.69662921348315,58.8510638297872,-118.19930267334
2.86516853932584,58.8510638297872,-120.729301452637
3.03370786516854,58.8510638297872,-113.959297180176
3.20224719101124,58.8510638297872,-116.69930267334
3.37078651685393,58.8510638297872,-135.119293212891
3.53932584269663,58.8510638297872,-176.077056884766
3.70786516853933,58.8510638297872,-269.957061767578
3.87640449438202,58.8510638297872,-276.517059326172
4.04494382022472,58.8510638297872,-284.857055664062
4.21348314606742,58.8510638297872,-285.507049560547
4.38202247191011,58.8510638297872,-244.467056274414
4.55056179775281,58.8510638297872,-244.195678710938
4.71910112359551,58.8510638297872,-244.3056640625
4.8876404494382,58.8510638297872,-233.98567199707
5.0561797752809,58.8510638297872,-199.535675048828
5.2247191011236,58.8510638297872,-134.365676879883
5.39325842696629,58.8510638297872,-65.5156707763672
5.56179775280899,58.8510638297872,-18.6356716156006
5.73033707865169,58.8510638297872,72.8165435791016
5.89887640449438,58.8510638297872,197.306549072266
6.06741573033708,58.8510638297872,190.436538696289
6.23595505617978,58.8510638297872,359.856536865234
6.40449438202247,58.8510638297872,762.6865234375
6.57303370786517,58.8510638297872,827.736572265625
6.74157303370786,58.8510638297872,723.040649414062
6.91011235955056,58.8510638297872,716.270690917969
7.07865168539326,58.8510638297872,845.390686035156
7.24719101123596,58.8510638297872,889.990661621094
7.41573033707865,58.8510638297872,847.500671386719
7.58426966292135,58.8510638297872,710.790649414062
7.75280898876404,58.8510638297872,529.475036621094
7.92134831460674,58.8510638297872,700.205017089844
8.08988764044944,58.8510638297872,612.425048828125
8.25842696629213,58.8510638297872,603.795043945312
8.42696629213483,58.8510638297872,397.455017089844
8.59550561797753,58.8510638297872,275.125030517578
8.76404494382022,58.8510638297872,353.605010986328
8.93258426966292,58.8510638297872,297.365966796875
9.10112359550562,58.8510638297872,146.075973510742
9.26966292134831,58.8510638297872,102.675971984863
9.43820224719101,58.8510638297872,36.1559715270996
9.60674157303371,58.8510638297872,-11.4840278625488
9.7752808988764,58.8510638297872,-233.704025268555
9.9438202247191,58.8510638297872,-165.142562866211
10.1123595505618,58.8510638297872,-174.152572631836
10.2808988764045,58.8510638297872,-172.232574462891
10.4494382022472,58.8510638297872,-157.522567749023
10.6179775280899,58.8510638297872,-160.562561035156
10.7865168539326,58.8510638297872,-101.902565002441
10.9550561797753,58.8510638297872,-56.632568359375
11.123595505618,58.8510638297872,-35.4772834777832
11.2921348314607,58.8510638297872,30.4227142333984
11.4606741573034,58.8510638297872,99.6927185058594
11.6292134831461,58.8510638297872,120.152717590332
11.7977528089888,58.8510638297872,169.922714233398
11.9662921348315,58.8510638297872,144.732711791992
12.1348314606742,58.8510638297872,157.419967651367
12.3033707865169,58.8510638297872,158.519958496094
12.4719101123596,58.8510638297872,75.9599685668945
12.6404494382022,58.8510638297872,56.7999649047852
12.8089887640449,58.8510638297872,42.4999656677246
12.9775280898876,58.8510638297872,42.4999656677246
13.1460674157303,58.8510638297872,43.22998046875
13.314606741573,58.8510638297872,43.8899803161621
13.4831460674157,58.8510638297872,42.5699806213379
13.6516853932584,58.8510638297872,42.5899810791016
13.8202247191011,58.8510638297872,45.8299827575684
13.9887640449438,58.8510638297872,44.6799812316895
14.1573033707865,58.8510638297872,81.7899780273438
14.3258426966292,58.8510638297872,107.328079223633
14.4943820224719,58.8510638297872,154.418075561523
14.6629213483146,58.8510638297872,144.558074951172
14.8314606741573,58.8510638297872,149.208084106445
15,58.8510638297872,113.988075256348
0,58.6808510638298,-142.592498779297
0.168539325842697,58.6808510638298,-138.712509155273
0.337078651685393,58.6808510638298,-133.995010375977
0.50561797752809,58.6808510638298,-136.315002441406
0.674157303370786,58.6808510638298,-138.205001831055
0.842696629213483,58.6808510638298,-128.145004272461
1.01123595505618,58.6808510638298,-106.725006103516
1.17977528089888,58.6808510638298,-106.005004882812
1.34831460674157,58.6808510638298,-105.914993286133
1.51685393258427,58.6808510638298,-108.564994812012
1.68539325842697,58.6808510638298,-108.934997558594
1.85393258426966,58.6808510638298,-105.434997558594
2.02247191011236,58.6808510638298,-102.134994506836
2.19101123595506,58.6808510638298,-101.534996032715
2.35955056179775,58.6808510638298,-104.649299621582
2.52808988764045,58.6808510638298,-107.899299621582
2.69662921348315,58.6808510638298,-113.109298706055
2.86516853932584,58.6808510638298,-115.769302368164
3.03370786516854,58.6808510638298,-106.509300231934
3.20224719101124,58.6808510638298,-106.189300537109
3.37078651685393,58.6808510638298,-110.339302062988
3.53932584269663,58.6808510638298,-130.337066650391
3.70786516853933,58.6808510638298,-263.667053222656
3.87640449438202,58.6808510638298,-272.527069091797
4.04494382022472,58.6808510638298,-280.237060546875
4.21348314606742,58.6808510638298,-279.547058105469
4.38202247191011,58.6808510638298,-247.087066650391
4.55056179775281,58.6808510638298,-246.465667724609
4.71910112359551,58.6808510638298,-224.035675048828
4.8876404494382,58.6808510638298,-214.815673828125
5.0561797752809,58.6808510638298,-229.275665283203
5.2247191011236,58.6808510638298,-214.265670776367
5.39325842696629,58.6808510638298,-129.995666503906
5.56179775280899,58.6808510638298,-5.73567152023315
5.73033707865169,58.6808510638298,159.156539916992
5.89887640449438,58.6808510638298,238.416549682617
6.06741573033708,58.6808510638298,365.406555175781
6.23595505617978,58.6808510638298,450.806549072266
6.40449438202247,58.6808510638298,661.676513671875
6.57303370786517,58.6808510638298,678.656555175781
6.74157303370786,58.6808510638298,531.070678710938
6.91011235955056,58.6808510638298,717.610656738281
7.07865168539326,58.6808510638298,866.120666503906
7.24719101123596,58.6808510638298,822.880676269531
7.41573033707865,58.6808510638298,710.940673828125
7.58426966292135,58.6808510638298,577.750671386719
7.75280898876404,58.6808510638298,398.265014648438
7.92134831460674,58.6808510638298,594.285034179688
8.08988764044944,58.6808510638298,487.115020751953
8.25842696629213,58.6808510638298,344.535034179688
8.42696629213483,58.6808510638298,266.795013427734
8.59550561797753,58.6808510638298,242.685028076172
8.76404494382022,58.6808510638298,256.265014648438
8.93258426966292,58.6808510638298,192.8759765625
9.10112359550562,58.6808510638298,54.3859710693359
9.26966292134831,58.6808510638298,4.77597188949585
9.43820224719101,58.6808510638298,-87.4540252685547
9.60674157303371,58.6808510638298,-200.664031982422
9.7752808988764,58.6808510638298,-388.684020996094
9.9438202247191,58.6808510638298,-305.432556152344
10.1123595505618,58.6808510638298,-302.222564697266
10.2808988764045,58.6808510638298,-241.952575683594
10.4494382022472,58.6808510638298,-141.732574462891
10.6179775280899,58.6808510638298,-112.572570800781
10.7865168539326,58.6808510638298,-95.4825668334961
10.9550561797753,58.6808510638298,-67.2725677490234
11.123595505618,58.6808510638298,-32.5472869873047
11.2921348314607,58.6808510638298,28.5627155303955
11.4606741573034,58.6808510638298,87.0427169799805
11.6292134831461,58.6808510638298,101.27271270752
11.7977528089888,58.6808510638298,134.292709350586
11.9662921348315,58.6808510638298,137.052719116211
12.1348314606742,58.6808510638298,139.359970092773
12.3033707865169,58.6808510638298,175.259963989258
12.4719101123596,58.6808510638298,55.7099647521973
12.6404494382022,58.6808510638298,42.539966583252
12.8089887640449,58.6808510638298,42.4999656677246
12.9775280898876,58.6808510638298,42.4999656677246
13.1460674157303,58.6808510638298,43.8999824523926
13.314606741573,58.6808510638298,43.0499801635742
13.4831460674157,58.6808510638298,42.4999809265137
13.6516853932584,58.6808510638298,42.6299819946289
13.8202247191011,58.6808510638298,52.2699813842773
13.9887640449438,58.6808510638298,68.7799835205078
14.1573033707865,58.6808510638298,85.8299789428711
14.3258426966292,58.6808510638298,117.098075866699
14.4943820224719,58.6808510638298,130.688079833984
14.6629213483146,58.6808510638298,168.708084106445
14.8314606741573,58.6808510638298,131.258071899414
15,58.6808510638298,89.9680786132812
0,58.5106382978723,-142.802505493164
0.168539325842697,58.5106382978723,-145.512512207031
0.337078651685393,58.5106382978723,-136.735000610352
0.50561797752809,58.5106382978723,-144.544998168945
0.674157303370786,58.5106382978723,-143.604995727539
0.842696629213483,58.5106382978723,-134.775009155273
1.01123595505618,58.5106382978723,-130.074996948242
1.17977528089888,58.5106382978723,-124.905006408691
1.34831460674157,58.5106382978723,-121.714996337891
1.51685393258427,58.5106382978723,-120.814994812012
1.68539325842697,58.5106382978723,-108.584991455078
1.85393258426966,58.5106382978723,-100.014991760254
2.02247191011236,58.5106382978723,-92.5249938964844
2.19101123595506,58.5106382978723,-94.8649978637695
2.35955056179775,58.5106382978723,-98.9292984008789
2.52808988764045,58.5106382978723,-102.059295654297
2.69662921348315,58.5106382978723,-107.239295959473
2.86516853932584,58.5106382978723,-113.509300231934
3.03370786516854,58.5106382978723,-103.409301757812
3.20224719101124,58.5106382978723,-105.839302062988
3.37078651685393,58.5106382978723,-111.409301757812
3.53932584269663,58.5106382978723,-120.077056884766
3.70786516853933,58.5106382978723,-224.597061157227
3.87640449438202,58.5106382978723,-264.267059326172
4.04494382022472,58.5106382978723,-283.017059326172
4.21348314606742,58.5106382978723,-283.337066650391
4.38202247191011,58.5106382978723,-272.22705078125
4.55056179775281,58.5106382978723,-267.3056640625
4.71910112359551,58.5106382978723,-264.385681152344
4.8876404494382,58.5106382978723,-253.085678100586
5.0561797752809,58.5106382978723,-261.135681152344
5.2247191011236,58.5106382978723,-259.585662841797
5.39325842696629,58.5106382978723,-260.625671386719
5.56179775280899,58.5106382978723,-178.855667114258
5.73033707865169,58.5106382978723,185.95654296875
5.89887640449438,58.5106382978723,246.586547851562
6.06741573033708,58.5106382978723,199.826538085938
6.23595505617978,58.5106382978723,337.126556396484
6.40449438202247,58.5106382978723,475.266540527344
6.57303370786517,58.5106382978723,507.196533203125
6.74157303370786,58.5106382978723,358.910675048828
6.91011235955056,58.5106382978723,529.800659179688
7.07865168539326,58.5106382978723,645.420654296875
7.24719101123596,58.5106382978723,726.270690917969
7.41573033707865,58.5106382978723,521.080688476562
7.58426966292135,58.5106382978723,493.710662841797
7.75280898876404,58.5106382978723,331.545013427734
7.92134831460674,58.5106382978723,476.245025634766
8.08988764044944,58.5106382978723,420.535034179688
8.25842696629213,58.5106382978723,247.585021972656
8.42696629213483,58.5106382978723,261.295013427734
8.59550561797753,58.5106382978723,207.375015258789
8.76404494382022,58.5106382978723,142.445022583008
8.93258426966292,58.5106382978723,82.755973815918
9.10112359550562,58.5106382978723,-57.7140274047852
9.26966292134831,58.5106382978723,-195.574035644531
9.43820224719101,58.5106382978723,-327.984039306641
9.60674157303371,58.5106382978723,-466.464019775391
9.7752808988764,58.5106382978723,-489.694030761719
9.9438202247191,58.5106382978723,-473.112579345703
10.1123595505618,58.5106382978723,-460.142578125
10.2808988764045,58.5106382978723,-345.912567138672
10.4494382022472,58.5106382978723,-199.522567749023
10.6179775280899,58.5106382978723,-144.032562255859
10.7865168539326,58.5106382978723,-109.242568969727
10.9550561797753,58.5106382978723,-78.1125717163086
11.123595505618,58.5106382978723,-41.277286529541
11.2921348314607,58.5106382978723,9.24271488189697
11.4606741573034,58.5106382978723,55.6227149963379
11.6292134831461,58.5106382978723,86.6927185058594
11.7977528089888,58.5106382978723,117.662712097168
11.9662921348315,58.5106382978723,118.222717285156
12.1348314606742,58.5106382978723,129.009963989258
12.3033707865169,58.5106382978723,126.249969482422
12.4719101123596,58.5106382978723,59.7199668884277
12.6404494382022,58.5106382978723,47.3499641418457
12.8089887640449,58.5106382978723,42.4999656677246
12.9775280898876,58.5106382978723,42.5599670410156
13.1460674157303,58.5106382978723,52.2799797058105
13.314606741573,58.5106382978723,44.1499824523926
13.4831460674157,58.5106382978723,94.1499786376953
13.6516853932584,58.5106382978723,65.8399810791016
13.8202247191011,58.5106382978723,77.5099792480469
13.9887640449438,58.5106382978723,72.2499847412109
14.1573033707865,58.5106382978723,86.5599822998047
14.3258426966292,58.5106382978723,97.6380767822266
14.4943820224719,58.5106382978723,125.318077087402
14.6629213483146,58.5106382978723,95.648078918457
14.8314606741573,58.5106382978723,87.4980773925781
15,58.5106382978723,89.2180786132812
0,58.3404255319149,-139.40251159668
0.168539325842697,58.3404255319149,-142.322509765625
0.337078651685393,58.3404255319149,-142.415008544922
0.50561797752809,58.3404255319149,-146.125
0.674157303370786,58.3404255319149,-144.714996337891
0.842696629213483,58.3404255319149,-141.585006713867
1.01123595505618,58.3404255319149,-131.085006713867
1.17977528089888,58.3404255319149,-128.074996948242
1.34831460674157,58.3404255319149,-127.134994506836
1.51685393258427,58.3404255319149,-121.994995117188
1.68539325842697,58.3404255319149,-102.754997253418
1.85393258426966,58.3404255319149,-88.3949966430664
2.02247191011236,58.3404255319149,-84.7049942016602
2.19101123595506,58.3404255319149,-88.8249969482422
2.35955056179775,58.3404255319149,-82.0592956542969
2.52808988764045,58.3404255319149,-86.0792999267578
2.69662921348315,58.3404255319149,-96.2693023681641
2.86516853932584,58.3404255319149,-102.829299926758
3.03370786516854,58.3404255319149,-104.579299926758
3.20224719101124,58.3404255319149,-108.229301452637
3.37078651685393,58.3404255319149,-111.399299621582
3.53932584269663,58.3404255319149,-115.937057495117
3.70786516853933,58.3404255319149,-156.937057495117
3.87640449438202,58.3404255319149,-181.327056884766
4.04494382022472,58.3404255319149,-254.127059936523
4.21348314606742,58.3404255319149,-291.427062988281
4.38202247191011,58.3404255319149,-287.887054443359
4.55056179775281,58.3404255319149,-282.785675048828
4.71910112359551,58.3404255319149,-282.515686035156
4.8876404494382,58.3404255319149,-286.725677490234
5.0561797752809,58.3404255319149,-300.855682373047
5.2247191011236,58.3404255319149,-305.715667724609
5.39325842696629,58.3404255319149,-306.675659179688
5.56179775280899,58.3404255319149,-296.955657958984
5.73033707865169,58.3404255319149,-65.1134567260742
5.89887640449438,58.3404255319149,31.4665451049805
6.06741573033708,58.3404255319149,130.45654296875
6.23595505617978,58.3404255319149,202.986541748047
6.40449438202247,58.3404255319149,368.186553955078
6.57303370786517,58.3404255319149,308.666534423828
6.74157303370786,58.3404255319149,335.100677490234
6.91011235955056,58.3404255319149,354.810668945312
7.07865168539326,58.3404255319149,480.690673828125
7.24719101123596,58.3404255319149,441.670684814453
7.41573033707865,58.3404255319149,315.820678710938
7.58426966292135,58.3404255319149,335.320678710938
7.75280898876404,58.3404255319149,264.135009765625
7.92134831460674,58.3404255319149,337.695007324219
8.08988764044944,58.3404255319149,290.575012207031
8.25842696629213,58.3404255319149,283.185028076172
8.42696629213483,58.3404255319149,212.385025024414
8.59550561797753,58.3404255319149,98.9150238037109
8.76404494382022,58.3404255319149,45.6650199890137
8.93258426966292,58.3404255319149,-10.6240282058716
9.10112359550562,58.3404255319149,-312.264038085938
9.26966292134831,58.3404255319149,-392.654022216797
9.43820224719101,58.3404255319149,-460.724029541016
9.60674157303371,58.3404255319149,-550.484008789062
9.7752808988764,58.3404255319149,-589.044006347656
9.9438202247191,58.3404255319149,-511.12255859375
10.1123595505618,58.3404255319149,-526.382568359375
10.2808988764045,58.3404255319149,-442.202575683594
10.4494382022472,58.3404255319149,-270.962554931641
10.6179775280899,58.3404255319149,-201.872573852539
10.7865168539326,58.3404255319149,-142.332565307617
10.9550561797753,58.3404255319149,-101.132568359375
11.123595505618,58.3404255319149,-49.407283782959
11.2921348314607,58.3404255319149,1.71271479129791
11.4606741573034,58.3404255319149,50.3727149963379
11.6292134831461,58.3404255319149,48.6327133178711
11.7977528089888,58.3404255319149,115.252716064453
11.9662921348315,58.3404255319149,109.902717590332
12.1348314606742,58.3404255319149,85.9499664306641
12.3033707865169,58.3404255319149,68.5399627685547
12.4719101123596,58.3404255319149,48.6299667358398
12.6404494382022,58.3404255319149,45.4799652099609
12.8089887640449,58.3404255319149,47.4399642944336
12.9775280898876,58.3404255319149,55.0499649047852
13.1460674157303,58.3404255319149,59.0299797058105
13.314606741573,58.3404255319149,66.5599822998047
13.4831460674157,58.3404255319149,93.3099822998047
13.6516853932584,58.3404255319149,112.449981689453
13.8202247191011,58.3404255319149,186.649978637695
13.9887640449438,58.3404255319149,92.3899841308594
14.1573033707865,58.3404255319149,108.259979248047
14.3258426966292,58.3404255319149,112.898078918457
14.4943820224719,58.3404255319149,92.8480758666992
14.6629213483146,58.3404255319149,87.5080795288086
14.8314606741573,58.3404255319149,88.9580764770508
15,58.3404255319149,93.1180801391602
0,58.1702127659574,-133.972503662109
0.168539325842697,58.1702127659574,-139.102508544922
0.337078651685393,58.1702127659574,-147.345001220703
0.50561797752809,58.1702127659574,-149.404998779297
0.674157303370786,58.1702127659574,-151.544998168945
0.842696629213483,58.1702127659574,-152.175003051758
1.01123595505618,58.1702127659574,-141.044998168945
1.17977528089888,58.1702127659574,-129.705001831055
1.34831460674157,58.1702127659574,-113.20499420166
1.51685393258427,58.1702127659574,-102.70499420166
1.68539325842697,58.1702127659574,-88.984992980957
1.85393258426966,58.1702127659574,-83.7649917602539
2.02247191011236,58.1702127659574,-78.5949935913086
2.19101123595506,58.1702127659574,-77.2949981689453
2.35955056179775,58.1702127659574,-69.7392959594727
2.52808988764045,58.1702127659574,-69.6792984008789
2.69662921348315,58.1702127659574,-70.7892990112305
2.86516853932584,58.1702127659574,-73.1293029785156
3.03370786516854,58.1702127659574,-78.8192977905273
3.20224719101124,58.1702127659574,-81.779296875
3.37078651685393,58.1702127659574,-86.4992980957031
3.53932584269663,58.1702127659574,-90.1670608520508
3.70786516853933,58.1702127659574,-106.807060241699
3.87640449438202,58.1702127659574,-114.547058105469
4.04494382022472,58.1702127659574,-122.617057800293
4.21348314606742,58.1702127659574,-133.587066650391
4.38202247191011,58.1702127659574,-185.967056274414
4.55056179775281,58.1702127659574,-227.105667114258
4.71910112359551,58.1702127659574,-259.445678710938
4.8876404494382,58.1702127659574,-280.355682373047
5.0561797752809,58.1702127659574,-300.085662841797
5.2247191011236,58.1702127659574,-304.695678710938
5.39325842696629,58.1702127659574,-307.295684814453
5.56179775280899,58.1702127659574,-310.275665283203
5.73033707865169,58.1702127659574,-331.653442382812
5.89887640449438,58.1702127659574,-326.083465576172
6.06741573033708,58.1702127659574,-293.303466796875
6.23595505617978,58.1702127659574,-281.193450927734
6.40449438202247,58.1702127659574,-206.223449707031
6.57303370786517,58.1702127659574,-8.60345554351807
6.74157303370786,58.1702127659574,115.220672607422
6.91011235955056,58.1702127659574,191.600677490234
7.07865168539326,58.1702127659574,220.540679931641
7.24719101123596,58.1702127659574,258.520660400391
7.41573033707865,58.1702127659574,232.52067565918
7.58426966292135,58.1702127659574,166.790679931641
7.75280898876404,58.1702127659574,157.315017700195
7.92134831460674,58.1702127659574,123.985023498535
8.08988764044944,58.1702127659574,53.3050193786621
8.25842696629213,58.1702127659574,69.3250198364258
8.42696629213483,58.1702127659574,-69.9249801635742
8.59550561797753,58.1702127659574,-197.534973144531
8.76404494382022,58.1702127659574,-349.184967041016
8.93258426966292,58.1702127659574,-410.524017333984
9.10112359550562,58.1702127659574,-530.344055175781
9.26966292134831,58.1702127659574,-636.994018554688
9.43820224719101,58.1702127659574,-651.004028320312
9.60674157303371,58.1702127659574,-631.704040527344
9.7752808988764,58.1702127659574,-497.304016113281
9.9438202247191,58.1702127659574,-428.842559814453
10.1123595505618,58.1702127659574,-420.702575683594
10.2808988764045,58.1702127659574,-331.282562255859
10.4494382022472,58.1702127659574,-255.842575073242
10.6179775280899,58.1702127659574,-251.032562255859
10.7865168539326,58.1702127659574,-215.522567749023
10.9550561797753,58.1702127659574,-163.172561645508
11.123595505618,58.1702127659574,-81.0072860717773
11.2921348314607,58.1702127659574,-44.6772842407227
11.4606741573034,58.1702127659574,-5.3272852897644
11.6292134831461,58.1702127659574,30.5227146148682
11.7977528089888,58.1702127659574,37.3727149963379
11.9662921348315,58.1702127659574,81.6827163696289
12.1348314606742,58.1702127659574,99.0899658203125
12.3033707865169,58.1702127659574,61.9699668884277
12.4719101123596,58.1702127659574,78.3999633789062
12.6404494382022,58.1702127659574,83.7399673461914
12.8089887640449,58.1702127659574,87.099967956543
12.9775280898876,58.1702127659574,90.3699645996094
13.1460674157303,58.1702127659574,108.809982299805
13.314606741573,58.1702127659574,127.639984130859
13.4831460674157,58.1702127659574,159.369979858398
13.6516853932584,58.1702127659574,211.389984130859
13.8202247191011,58.1702127659574,217.749984741211
13.9887640449438,58.1702127659574,149.689987182617
14.1573033707865,58.1702127659574,157.019973754883
14.3258426966292,58.1702127659574,152.998077392578
14.4943820224719,58.1702127659574,87.4980773925781
14.6629213483146,58.1702127659574,123.758079528809
14.8314606741573,58.1702127659574,162.988082885742
15,58.1702127659574,170.428070068359
0,58,-129.602508544922
0.168539325842697,58,-136.222503662109
0.337078651685393,58,-145.464996337891
0.50561797752809,58,-149.815002441406
0.674157303370786,58,-150.794998168945
0.842696629213483,58,-146.705001831055
1.01123595505618,58,-136.395004272461
1.17977528089888,58,-128.014999389648
1.34831460674157,58,-113.70499420166
1.51685393258427,58,-103.284996032715
1.68539325842697,58,-88.5749969482422
1.85393258426966,58,-84.4549942016602
2.02247191011236,58,-81.1849975585938
2.19101123595506,58,-76.8249969482422
2.35955056179775,58,-70.2092971801758
2.52808988764045,58,-67.8393020629883
2.69662921348315,58,-66.3393020629883
2.86516853932584,58,-72.6193008422852
3.03370786516854,58,-79.7293014526367
3.20224719101124,58,-81.2092971801758
3.37078651685393,58,-85.2392959594727
3.53932584269663,58,-88.5270614624023
3.70786516853933,58,-94.3470611572266
3.87640449438202,58,-96.7770614624023
4.04494382022472,58,-96.3370590209961
4.21348314606742,58,-97.6970596313477
4.38202247191011,58,-110.517059326172
4.55056179775281,58,-120.635673522949
4.71910112359551,58,-133.325668334961
4.8876404494382,58,-153.265670776367
5.0561797752809,58,-207.825668334961
5.2247191011236,58,-235.755676269531
5.39325842696629,58,-262.425659179688
5.56179775280899,58,-267.635681152344
5.73033707865169,58,-303.103454589844
5.89887640449438,58,-316.513458251953
6.06741573033708,58,-324.323455810547
6.23595505617978,58,-343.473449707031
6.40449438202247,58,-337.79345703125
6.57303370786517,58,-162.773452758789
6.74157303370786,58,-21.2093276977539
6.91011235955056,58,-7.42932748794556
7.07865168539326,58,68.8506698608398
7.24719101123596,58,82.8306732177734
7.41573033707865,58,106.220672607422
7.58426966292135,58,69.5406723022461
7.75280898876404,58,8.61502075195312
7.92134831460674,58,-22.8149795532227
8.08988764044944,58,-77.5349807739258
8.25842696629213,58,-132.794982910156
8.42696629213483,58,-403.324981689453
8.59550561797753,58,-471.474975585938
8.76404494382022,58,-506.884979248047
8.93258426966292,58,-570.364013671875
9.10112359550562,58,-585.544006347656
9.26966292134831,58,-556.434020996094
9.43820224719101,58,-525.594055175781
9.60674157303371,58,-457.864013671875
9.7752808988764,58,-271.694030761719
9.9438202247191,58,-199.452575683594
10.1123595505618,58,-192.902572631836
10.2808988764045,58,-157.582565307617
10.4494382022472,58,-133.542572021484
10.6179775280899,58,-171.562561035156
10.7865168539326,58,-204.672561645508
10.9550561797753,58,-193.882568359375
11.123595505618,58,-105.667282104492
11.2921348314607,58,-49.5172843933105
11.4606741573034,58,-20.8672847747803
11.6292134831461,58,15.3927145004272
11.7977528089888,58,11.3927145004272
11.9662921348315,58,80.9527130126953
12.1348314606742,58,105.579963684082
12.3033707865169,58,48.8299674987793
12.4719101123596,58,110.259963989258
12.6404494382022,58,116.019966125488
12.8089887640449,58,100.409965515137
12.9775280898876,58,110.679962158203
13.1460674157303,58,154.739974975586
13.314606741573,58,179.369979858398
13.4831460674157,58,193.72998046875
13.6516853932584,58,208.22998046875
13.8202247191011,58,228.179977416992
13.9887640449438,58,247.029983520508
14.1573033707865,58,253.419982910156
14.3258426966292,58,135.208084106445
14.4943820224719,58,123.988075256348
14.6629213483146,58,224.898071289062
14.8314606741573,58,207.458084106445
15,58,199.248077392578
